,timestamp,elapsedtime,x,y,description,r1_focusedAttention,r2_focusedAttention,focusedAttention,r1_clearGoals,r2_clearGoals,clearGoals,r1_clearCutFeedback,r2_clearCutFeedback,clearCutFeedback,r1_pleasure,r2_pleasure,pleasure,allEngagement
0,15 Jul 2021 11:42:34am:809,547700,391,426,piano block added,0.0,0.0,0.0,0.0,0.0,0.0,0.0,0.0,0.0,0.0,0.0,0.0,0.0
1,15 Jul 2021 11:42:42am:305,552400,490,481,twofourbar block added,0.0,0.0,0.0,0.0,0.0,0.0,0.0,0.0,0.0,0.0,0.0,0.0,0.0
2,15 Jul 2021 11:42:50am:248,555300,420,511,twofourbar start drag,0.0,0.0,0.0,0.0,0.0,0.0,0.0,0.0,0.0,0.0,0.0,0.0,0.0
3,15 Jul 2021 11:42:51am:40,556500,467,455,twofourbar end drag,0.0,0.0,0.0,0.0,0.0,0.0,0.0,0.0,0.0,0.0,0.0,0.0,0.0
4,15 Jul 2021 11:42:51am:40,556500,467,455,connection made between piano and twofourbar,0.0,0.0,0.0,0.0,0.0,0.0,0.0,0.0,0.0,0.0,0.0,0.0,0.0
5,15 Jul 2021 11:43:02am:985,564800,333,19,time tab selected,0.0,0.0,0.0,0.0,0.0,0.0,0.0,0.0,0.0,0.0,0.0,0.0,0.0
6,15 Jul 2021 11:43:13am:107,572000,804,514,endrepeat block added,0.0,0.0,0.0,0.0,0.0,0.0,0.0,0.0,0.0,0.0,0.0,0.0,0.0
7,15 Jul 2021 11:43:21am:857,574500,754,544,endrepeat start drag,0.0,0.0,0.0,0.0,0.0,0.0,0.0,0.0,0.0,0.0,0.0,0.0,0.0
8,15 Jul 2021 11:43:23am:119,575900,630,461,endrepeat end drag,0.0,0.0,0.0,0.0,0.0,0.0,0.0,0.0,0.0,0.0,0.0,0.0,0.0
9,15 Jul 2021 11:43:23am:119,575900,630,461,connection made between twofourbar and endrepeat,0.0,0.0,0.0,0.0,0.0,0.0,0.0,0.0,0.0,0.0,0.0,0.0,0.0
10,15 Jul 2021 11:43:28am:520,577300,488,409,note picker plus selected,0.0,0.0,0.0,0.0,0.0,0.0,0.0,0.0,0.0,0.0,0.0,0.0,0.0
11,15 Jul 2021 11:43:29am:194,578700,529,471,added a crotchet note,0.0,0.0,0.0,0.0,0.0,0.0,0.0,0.0,0.0,0.0,0.0,0.0,0.0
12,15 Jul 2021 11:43:38am:448,582500,502,406,note moved up,0.0,0.0,0.0,0.0,0.0,0.0,0.0,0.0,0.0,0.0,0.0,0.0,0.0
13,15 Jul 2021 11:43:39am:48,583100,502,406,note moved up,0.0,0.0,0.0,0.0,0.0,0.0,0.0,0.0,0.0,0.0,0.0,0.0,0.0
14,15 Jul 2021 11:43:39am:344,583300,502,406,note moved up,0.0,0.0,0.0,0.0,0.0,0.0,0.0,0.0,0.0,0.0,0.0,0.0,0.0
15,15 Jul 2021 11:43:39am:576,583500,502,406,note moved up,0.0,0.0,0.0,0.0,0.0,0.0,0.0,0.0,0.0,0.0,0.0,0.0,0.0
16,15 Jul 2021 11:43:50am:219,587500,868,353,tempochanger block added,0.0,0.0,0.0,0.0,0.0,0.0,0.0,0.0,0.0,0.0,0.0,0.0,0.0
17,15 Jul 2021 11:43:57am:353,585700,814,386,tempochanger start drag,0.0,0.0,0.0,0.0,0.0,0.0,0.0,0.0,0.0,0.0,0.0,0.0,0.0
18,15 Jul 2021 11:43:59am:119,592000,734,460,tempochanger end drag,0.0,0.0,0.0,0.0,0.0,0.0,0.0,0.0,0.0,0.0,0.0,0.0,0.0
19,15 Jul 2021 11:43:59am:119,592000,734,460,connection made between endrepeat and tempochanger,0.0,0.0,0.0,0.0,0.0,0.0,0.0,0.0,0.0,0.0,0.0,0.0,0.0
20,15 Jul 2021 11:44:06am:200,593700,800,436,tempochanger slider decremented,0.0,0.0,0.0,0.0,0.0,0.0,0.0,0.0,0.0,0.0,0.0,0.0,0.0
21,15 Jul 2021 11:44:06am:415,593900,800,436,tempochanger slider decremented,0.0,0.0,0.0,0.0,0.0,0.0,0.0,0.0,0.0,0.0,0.0,0.0,0.0
22,15 Jul 2021 11:44:07am:96,594200,800,436,tempochanger slider decremented,0.0,0.0,0.0,0.0,0.0,0.0,0.0,0.0,0.0,0.0,0.0,0.0,0.0
23,15 Jul 2021 11:44:07am:544,594400,800,436,tempochanger slider decremented,0.0,0.0,0.0,0.0,0.0,0.0,0.0,0.0,0.0,0.0,0.0,0.0,0.0
24,15 Jul 2021 11:44:16am:169,598300,615,395,endrepeat start drag,0.0,0.0,0.0,0.0,0.0,0.0,0.0,0.0,0.0,0.0,0.0,0.0,0.0
25,15 Jul 2021 11:44:19am:159,600500,621,392,endrepeat end drag,0.0,0.0,0.0,0.0,0.0,0.0,0.0,0.0,0.0,0.0,0.0,0.0,0.0
26,15 Jul 2021 11:44:19am:160,600500,621,392,connection made between twofourbar and endrepeat,0.0,0.0,0.0,0.0,0.0,0.0,0.0,0.0,0.0,0.0,0.0,0.0,0.0
27,15 Jul 2021 11:44:19am:160,600500,621,392,connection made between endrepeat and tempochanger,0.0,0.0,0.0,0.0,0.0,0.0,0.0,0.0,0.0,0.0,0.0,0.0,0.0
28,15 Jul 2021 11:44:19am:160,608700,80,71,play clicked,0.0,0.0,0.0,0.0,0.0,0.0,0.0,0.0,0.0,0.0,0.0,0.0,0.0
29,15 Jul 2021 11:44:19am:160,614700,730,703,playing stoppped,0.0,0.0,0.0,0.0,0.0,0.0,0.0,0.0,0.0,0.0,0.0,0.0,0.0
30,15 Jul 2021 11:44:50am:968,614900,810,400,tempochanger slider incremented,0.0,0.0,0.0,0.0,0.0,0.0,0.0,0.0,0.0,0.0,0.0,0.0,0.0
31,15 Jul 2021 11:44:51am:424,615400,810,400,tempochanger slider incremented,0.0,0.0,0.0,0.0,0.0,0.0,0.0,0.0,0.0,0.0,0.0,0.0,0.0
32,15 Jul 2021 11:44:51am:424,615700,810,400,tempochanger slider incremented,0.0,0.0,0.0,0.0,0.0,0.0,0.0,0.0,0.0,0.0,0.0,0.0,0.0
33,15 Jul 2021 11:44:51am:424,616200,810,400,tempochanger slider incremented,0.0,0.0,0.0,0.0,0.0,0.0,0.0,0.0,0.0,0.0,0.0,0.0,0.0
34,15 Jul 2021 11:45:24am:184,620200,503,446,note moved down,0.0,0.0,0.0,0.0,0.0,0.0,0.0,0.0,0.0,0.0,0.0,0.0,0.0
35,15 Jul 2021 11:45:24am:424,620300,503,446,note moved down,0.0,0.0,0.0,0.0,0.0,0.0,0.0,0.0,0.0,0.0,0.0,0.0,0.0
36,15 Jul 2021 11:45:24am:640,620500,503,446,note moved down,0.0,0.0,0.0,0.0,0.0,0.0,0.0,0.0,0.0,1.0,1.0,1.0,1.0
37,15 Jul 2021 11:45:35am:281,626900,730,464,tempochanger start drag,0.0,0.0,0.0,0.0,0.0,0.0,0.0,0.0,0.0,0.0,1.0,0.0,0.0
38,15 Jul 2021 11:45:36am:415,627900,721,571,tempochanger end drag,0.0,0.0,0.0,0.0,0.0,0.0,0.0,0.0,0.0,0.0,1.0,0.0,0.0
39,15 Jul 2021 11:45:37am:25,629100,720,566,tempochanger start drag,0.0,0.0,0.0,0.0,0.0,0.0,0.0,0.0,0.0,0.0,0.0,0.0,0.0
40,15 Jul 2021 11:45:37am:496,629700,721,614,tempochanger end drag,0.0,0.0,0.0,0.0,0.0,0.0,0.0,0.0,0.0,0.0,0.0,0.0,0.0
41,15 Jul 2021 11:45:42am:425,630800,620,456,endrepeat start drag,0.0,0.0,0.0,0.0,0.0,0.0,0.0,0.0,0.0,0.0,0.0,0.0,0.0
42,15 Jul 2021 11:45:43am:191,631600,938,488,endrepeat end drag,0.0,0.0,0.0,0.0,0.0,0.0,0.0,0.0,0.0,0.0,0.0,0.0,0.0
43,15 Jul 2021 11:45:48am:257,632600,718,608,tempochanger start drag,0.0,0.0,0.0,0.0,0.0,0.0,0.0,0.0,0.0,0.0,0.0,0.0,0.0
44,15 Jul 2021 11:45:49am:199,633700,626,476,tempochanger end drag,0.0,0.0,0.0,0.0,0.0,0.0,0.0,0.0,0.0,0.0,0.0,0.0,0.0
45,15 Jul 2021 11:45:49am:200,633700,626,476,connection made between twofourbar and tempochanger,0.0,0.0,0.0,0.0,0.0,0.0,0.0,0.0,0.0,0.0,0.0,0.0,0.0
46,15 Jul 2021 11:45:56am:505,635200,937,492,endrepeat start drag,0.0,0.0,0.0,0.0,0.0,0.0,0.0,0.0,0.0,0.0,0.0,0.0,0.0
47,15 Jul 2021 11:45:58am:743,637700,741,453,endrepeat end drag,0.0,0.0,0.0,0.0,0.0,0.0,0.0,0.0,0.0,0.0,0.0,0.0,0.0
48,15 Jul 2021 11:45:58am:744,637700,741,453,connection made between tempochanger and endrepeat,0.0,0.0,0.0,0.0,0.0,0.0,0.0,0.0,0.0,0.0,0.0,0.0,0.0
49,15 Jul 2021 11:46:04am:744,640600,500,449,note moved down,0.0,0.0,0.0,0.0,0.0,0.0,0.0,0.0,0.0,0.0,0.0,0.0,0.0
50,15 Jul 2021 11:46:08am:968,642300,511,450,note moved down,0.0,0.0,0.0,0.0,0.0,0.0,0.0,0.0,0.0,0.0,0.0,0.0,0.0
51,15 Jul 2021 11:46:09am:544,642700,503,451,note moved down,0.0,0.0,0.0,0.0,0.0,0.0,0.0,0.0,0.0,0.0,0.0,0.0,0.0
52,15 Jul 2021 11:46:09am:744,642900,503,451,note moved down,0.0,0.0,0.0,0.0,0.0,0.0,0.0,0.0,0.0,0.0,0.0,0.0,0.0
53,15 Jul 2021 11:46:13am:928,643800,498,451,note moved down,0.0,0.0,0.0,0.0,0.0,0.0,0.0,0.0,0.0,0.0,0.0,0.0,0.0
54,15 Jul 2021 11:46:17am:831,645100,484,408,note moved up,0.0,0.0,0.0,0.0,0.0,0.0,0.0,0.0,0.0,0.0,0.0,0.0,0.0
55,15 Jul 2021 11:46:17am:982,645300,484,408,note moved up,0.0,0.0,0.0,0.0,0.0,0.0,0.0,0.0,0.0,0.0,0.0,0.0,0.0
56,15 Jul 2021 11:46:26am:399,647100,131,73,play clicked,0.0,0.0,0.0,0.0,0.0,0.0,0.0,0.0,0.0,0.0,0.0,0.0,0.0
57,15 Jul 2021 11:46:30am:328,651000,679,267,playing stoppped,0.0,0.0,0.0,0.0,0.0,0.0,0.0,0.0,0.0,0.0,0.0,0.0,0.0
58,15 Jul 2021 11:46:54am:384,665100,550,404,note picker plus selected,0.0,0.0,0.0,0.0,0.0,0.0,0.0,0.0,0.0,0.0,0.0,0.0,0.0
59,15 Jul 2021 11:47:03am:944,672700,492,410,note moved up,1.0,1.0,1.0,0.0,0.0,0.0,0.0,0.0,0.0,0.0,0.0,0.0,1.0
60,15 Jul 2021 11:47:12am:264,675200,701,435,tempochanger slider decremented,1.0,1.0,1.0,0.0,0.0,0.0,0.0,0.0,0.0,0.0,0.0,0.0,1.0
61,15 Jul 2021 11:47:12am:504,675400,701,435,tempochanger slider decremented,1.0,1.0,1.0,0.0,0.0,0.0,0.0,0.0,0.0,0.0,0.0,0.0,1.0
62,15 Jul 2021 11:47:12am:776,675500,701,435,tempochanger slider decremented,1.0,1.0,1.0,0.0,0.0,0.0,0.0,0.0,0.0,0.0,0.0,0.0,1.0
63,15 Jul 2021 11:47:13am:72,675700,701,435,tempochanger slider decremented,1.0,1.0,1.0,0.0,0.0,0.0,0.0,0.0,0.0,0.0,0.0,0.0,1.0
64,15 Jul 2021 11:47:13am:376,675800,701,435,tempochanger slider decremented,1.0,1.0,1.0,0.0,0.0,0.0,0.0,0.0,0.0,0.0,0.0,0.0,1.0
65,15 Jul 2021 11:47:13am:936,676000,701,435,tempochanger slider decremented,1.0,1.0,1.0,0.0,0.0,0.0,0.0,0.0,0.0,0.0,0.0,0.0,1.0
66,15 Jul 2021 11:47:14am:264,676200,701,435,tempochanger slider decremented,1.0,1.0,1.0,0.0,0.0,0.0,0.0,0.0,0.0,0.0,0.0,0.0,1.0
67,15 Jul 2021 11:47:14am:832,676500,701,435,tempochanger slider decremented,1.0,1.0,1.0,0.0,0.0,0.0,0.0,0.0,0.0,0.0,0.0,0.0,1.0
68,15 Jul 2021 11:47:15am:664,677300,701,435,tempochanger slider decremented,1.0,1.0,1.0,0.0,0.0,0.0,0.0,0.0,0.0,0.0,0.0,0.0,1.0
69,15 Jul 2021 11:47:16am:104,677800,701,435,tempochanger slider decremented,1.0,1.0,1.0,0.0,0.0,0.0,0.0,0.0,0.0,0.0,0.0,0.0,1.0
70,15 Jul 2021 11:47:38am:70,685500,115,77,play clicked,0.0,0.0,0.0,0.0,0.0,0.0,0.0,0.0,0.0,0.0,0.0,0.0,0.0
71,15 Jul 2021 11:47:42am:356,689700,755,271,playing stoppped,0.0,0.0,0.0,0.0,0.0,0.0,0.0,0.0,0.0,0.0,0.0,0.0,0.0
72,15 Jul 2021 11:47:51am:129,694400,499,395,note moved up,0.0,0.0,0.0,0.0,0.0,0.0,0.0,0.0,0.0,0.0,0.0,0.0,0.0
73,15 Jul 2021 11:47:51am:432,694600,499,395,note moved up,0.0,0.0,0.0,0.0,0.0,0.0,0.0,0.0,0.0,0.0,0.0,0.0,0.0
74,15 Jul 2021 11:47:51am:776,694800,499,396,note moved up,0.0,0.0,0.0,0.0,0.0,0.0,0.0,0.0,0.0,0.0,0.0,0.0,0.0
75,15 Jul 2021 11:47:52am:192,695000,501,398,note moved up,0.0,0.0,0.0,0.0,0.0,0.0,0.0,0.0,0.0,0.0,0.0,0.0,0.0
76,15 Jul 2021 11:47:59am:184,698500,697,432,tempochanger slider decremented,0.0,0.0,0.0,0.0,0.0,0.0,0.0,0.0,0.0,0.0,0.0,0.0,0.0
77,15 Jul 2021 11:47:59am:432,698600,697,432,tempochanger slider decremented,0.0,0.0,0.0,0.0,0.0,0.0,0.0,0.0,0.0,0.0,0.0,0.0,0.0
78,15 Jul 2021 11:48:00am:78,698800,697,432,tempochanger slider decremented,0.0,0.0,0.0,0.0,0.0,0.0,0.0,0.0,0.0,0.0,0.0,0.0,0.0
79,15 Jul 2021 11:48:00am:760,699000,697,432,tempochanger slider decremented,0.0,0.0,0.0,0.0,0.0,0.0,0.0,0.0,0.0,0.0,0.0,0.0,0.0
80,15 Jul 2021 11:48:14am:632,700900,80,71,play clicked,0.0,0.0,0.0,0.0,0.0,0.0,0.0,0.0,0.0,0.0,0.0,0.0,0.0
81,15 Jul 2021 11:48:19am:83,705300,730,703,playing stoppped,0.0,0.0,0.0,0.0,0.0,0.0,1.0,1.0,1.0,0.0,0.0,0.0,1.0
82,15 Jul 2021 11:48:36am:112,711700,694,404,tempochanger slider incremented,0.0,0.0,0.0,0.0,0.0,0.0,1.0,1.0,1.0,0.0,0.0,0.0,1.0
83,15 Jul 2021 11:48:36am:504,713200,694,404,tempochanger slider incremented,0.0,0.0,0.0,0.0,0.0,0.0,1.0,1.0,1.0,0.0,0.0,0.0,1.0
84,15 Jul 2021 11:48:36am:855,713300,693,404,tempochanger slider incremented,0.0,0.0,0.0,0.0,0.0,0.0,1.0,1.0,1.0,0.0,0.0,0.0,1.0
85,15 Jul 2021 11:48:37am:176,713500,693,404,tempochanger slider incremented,0.0,0.0,0.0,0.0,0.0,0.0,1.0,1.0,1.0,0.0,0.0,0.0,1.0
86,15 Jul 2021 11:48:37am:536,713900,694,404,tempochanger slider incremented,0.0,0.0,0.0,0.0,0.0,0.0,1.0,1.0,1.0,0.0,0.0,0.0,1.0
87,15 Jul 2021 11:48:37am:856,714100,694,404,tempochanger slider incremented,0.0,0.0,0.0,0.0,0.0,0.0,1.0,1.0,1.0,0.0,0.0,0.0,1.0
88,15 Jul 2021 11:48:38am:224,714300,694,404,tempochanger slider incremented,0.0,0.0,0.0,0.0,0.0,0.0,1.0,1.0,1.0,0.0,0.0,0.0,1.0
89,15 Jul 2021 11:48:38am:584,714500,695,404,tempochanger slider incremented,0.0,0.0,0.0,0.0,0.0,0.0,1.0,1.0,1.0,0.0,0.0,0.0,1.0
90,15 Jul 2021 11:48:38am:952,714700,695,405,tempochanger slider incremented,0.0,0.0,0.0,0.0,0.0,0.0,1.0,1.0,1.0,0.0,0.0,0.0,1.0
91,15 Jul 2021 11:48:39am:320,714900,696,404,tempochanger slider incremented,0.0,0.0,0.0,0.0,0.0,0.0,1.0,1.0,1.0,0.0,0.0,0.0,1.0
92,15 Jul 2021 11:48:39am:672,715100,696,404,tempochanger slider incremented,0.0,0.0,0.0,0.0,0.0,0.0,1.0,1.0,1.0,0.0,0.0,0.0,1.0
93,15 Jul 2021 11:48:40am:39,715300,696,404,tempochanger slider incremented,0.0,0.0,0.0,0.0,0.0,0.0,1.0,1.0,1.0,0.0,0.0,0.0,1.0
94,15 Jul 2021 11:48:40am:400,715500,696,404,tempochanger slider incremented,0.0,0.0,0.0,0.0,0.0,0.0,1.0,1.0,1.0,0.0,0.0,0.0,1.0
95,15 Jul 2021 11:48:40am:784,715800,696,404,tempochanger slider incremented,0.0,0.0,0.0,0.0,0.0,0.0,1.0,1.0,1.0,0.0,0.0,0.0,1.0
96,15 Jul 2021 11:48:41am:608,716200,696,404,tempochanger slider incremented,0.0,0.0,0.0,0.0,0.0,0.0,1.0,1.0,1.0,0.0,0.0,0.0,1.0
97,15 Jul 2021 11:48:42am:72,716900,696,404,tempochanger slider incremented,0.0,0.0,0.0,0.0,0.0,0.0,1.0,1.0,1.0,0.0,0.0,0.0,1.0
98,15 Jul 2021 11:48:42am:704,718300,696,404,tempochanger slider incremented,0.0,0.0,0.0,0.0,0.0,0.0,0.0,0.0,0.0,0.0,0.0,0.0,0.0
99,15 Jul 2021 11:48:43am:400,718600,696,404,tempochanger slider incremented,0.0,0.0,0.0,0.0,0.0,0.0,0.0,0.0,0.0,0.0,0.0,0.0,0.0
100,15 Jul 2021 11:49:02am:215,720400,67,36,play clicked,0.0,0.0,0.0,0.0,0.0,0.0,0.0,0.0,0.0,0.0,0.0,0.0,0.0
101,15 Jul 2021 11:49:06am:26,724200,644,241,playing stoppped,0.0,0.0,0.0,0.0,0.0,0.0,0.0,0.0,0.0,0.0,0.0,0.0,0.0
102,15 Jul 2021 11:49:15am:192,725200,510,446,note moved down,0.0,0.0,0.0,0.0,0.0,0.0,0.0,0.0,0.0,0.0,0.0,0.0,0.0
103,15 Jul 2021 11:49:15am:696,725900,509,446,note moved down,0.0,0.0,0.0,0.0,0.0,0.0,0.0,0.0,0.0,0.0,0.0,0.0,0.0
104,15 Jul 2021 11:49:16am:241,726500,509,446,note moved down,0.0,0.0,0.0,0.0,0.0,0.0,0.0,0.0,0.0,0.0,0.0,0.0,0.0
105,15 Jul 2021 11:49:23am:40,729700,688,436,tempochanger slider decremented,0.0,0.0,0.0,0.0,0.0,0.0,0.0,0.0,0.0,0.0,0.0,0.0,0.0
106,15 Jul 2021 11:49:23am:296,729900,690,436,tempochanger slider decremented,0.0,0.0,0.0,0.0,0.0,0.0,0.0,0.0,0.0,0.0,0.0,0.0,0.0
107,15 Jul 2021 11:49:23am:536,730200,690,436,tempochanger slider decremented,0.0,0.0,0.0,0.0,0.0,0.0,0.0,0.0,0.0,0.0,0.0,0.0,0.0
108,15 Jul 2021 11:49:29am:568,731200,551,416,note picker plus selected,0.0,1.0,0.0,0.0,0.0,0.0,0.0,0.0,0.0,0.0,0.0,0.0,0.0
109,15 Jul 2021 11:49:31am:845,733700,539,451,note picker minus selected,0.0,1.0,0.0,0.0,0.0,0.0,0.0,0.0,0.0,0.0,0.0,0.0,0.0
110,15 Jul 2021 11:49:31am:845,733700,539,451,removed a note,0.0,1.0,0.0,0.0,0.0,0.0,0.0,0.0,0.0,0.0,0.0,0.0,0.0
111,15 Jul 2021 11:49:39am:768,736400,491,414,note picker plus selected,0.0,1.0,0.0,0.0,0.0,0.0,0.0,0.0,0.0,0.0,0.0,0.0,0.0
112,15 Jul 2021 11:49:40am:683,737900,545,467,added a crotchet note,0.0,1.0,0.0,0.0,0.0,0.0,0.0,0.0,0.0,0.0,0.0,0.0,0.0
113,15 Jul 2021 11:50:41am:690,746000,168,19,basic tab selected,0.0,0.0,0.0,0.0,0.0,0.0,0.0,0.0,0.0,0.0,0.0,0.0,0.0
114,15 Jul 2021 11:50:56am:359,751400,887,549,twofourbar block added,0.0,0.0,0.0,0.0,0.0,0.0,0.0,0.0,0.0,0.0,0.0,0.0,0.0
115,15 Jul 2021 11:50:57am:217,754100,817,588,twofourbar start drag,0.0,0.0,0.0,0.0,0.0,0.0,0.0,0.0,0.0,0.0,0.0,0.0,0.0
116,15 Jul 2021 11:50:58am:119,755600,864,479,twofourbar end drag,0.0,0.0,0.0,0.0,0.0,0.0,0.0,0.0,0.0,0.0,0.0,0.0,0.0
117,15 Jul 2021 11:50:58am:120,755600,864,479,connection made between endrepeat and twofourbar,0.0,0.0,0.0,0.0,0.0,0.0,0.0,0.0,0.0,0.0,0.0,0.0,0.0
118,15 Jul 2021 11:51:12am:631,757800,321,23,time tab selected,0.0,0.0,0.0,0.0,0.0,0.0,0.0,0.0,0.0,0.0,0.0,0.0,0.0
119,15 Jul 2021 11:51:22am:961,763600,1081,551,endrepeat block added,0.0,0.0,0.0,0.0,0.0,0.0,0.0,0.0,0.0,0.0,0.0,0.0,0.0
120,15 Jul 2021 11:51:26am:761,765700,1023,590,endrepeat start drag,0.0,0.0,0.0,0.0,0.0,0.0,0.0,0.0,0.0,0.0,0.0,0.0,0.0
121,15 Jul 2021 11:51:29am:634,766800,1012,466,endrepeat end drag,0.0,0.0,0.0,0.0,0.0,0.0,0.0,0.0,0.0,0.0,0.0,0.0,0.0
122,15 Jul 2021 11:51:29am:635,766800,1012,466,connection made between twofourbar and endrepeat,0.0,0.0,0.0,0.0,0.0,0.0,0.0,0.0,0.0,0.0,0.0,0.0,0.0
123,15 Jul 2021 11:51:35am:347,768300,1015,406,endrepeat start drag,0.0,0.0,0.0,0.0,0.0,0.0,0.0,0.0,0.0,0.0,0.0,0.0,0.0
124,15 Jul 2021 11:51:36am:387,768900,1239,416,endrepeat end drag,0.0,0.0,0.0,0.0,0.0,0.0,0.0,0.0,0.0,0.0,0.0,0.0,0.0
125,15 Jul 2021 11:51:44am:487,771300,1023,283,tempochanger block added,0.0,0.0,0.0,0.0,0.0,0.0,0.0,0.0,0.0,0.0,0.0,0.0,0.0
126,15 Jul 2021 11:51:49am:994,772400,1036,287,tempochanger slider decremented,0.0,0.0,0.0,0.0,0.0,0.0,0.0,0.0,0.0,0.0,0.0,0.0,0.0
127,15 Jul 2021 11:51:57am:832,773800,966,315,tempochanger start drag,0.0,0.0,0.0,0.0,0.0,0.0,0.0,0.0,0.0,0.0,0.0,0.0,0.0
128,15 Jul 2021 11:51:58am:671,776400,1022,444,tempochanger end drag,0.0,0.0,0.0,0.0,0.0,0.0,0.0,0.0,0.0,0.0,0.0,0.0,0.0
129,15 Jul 2021 11:51:58am:672,776400,1022,444,connection made between twofourbar and tempochanger,0.0,0.0,0.0,0.0,0.0,0.0,0.0,0.0,0.0,0.0,0.0,0.0,0.0
130,15 Jul 2021 11:52:04am:438,777800,1238,474,endrepeat start drag,0.0,0.0,0.0,0.0,0.0,0.0,0.0,0.0,0.0,0.0,0.0,0.0,0.0
131,15 Jul 2021 11:52:05am:333,778900,1135,473,endrepeat end drag,0.0,0.0,0.0,0.0,0.0,0.0,0.0,0.0,0.0,0.0,0.0,0.0,0.0
132,15 Jul 2021 11:52:05am:333,778900,1135,473,connection made between tempochanger and endrepeat,0.0,0.0,0.0,0.0,0.0,0.0,0.0,0.0,0.0,0.0,0.0,0.0,0.0
133,15 Jul 2021 11:52:27am:350,785900,1079,399,tempochanger slider incremented,0.0,0.0,0.0,0.0,0.0,0.0,0.0,0.0,0.0,0.0,0.0,0.0,0.0
134,15 Jul 2021 11:52:27am:647,786100,1079,399,tempochanger slider incremented,0.0,0.0,0.0,0.0,0.0,0.0,0.0,0.0,0.0,0.0,0.0,0.0,0.0
135,15 Jul 2021 11:52:27am:944,786300,1079,399,tempochanger slider incremented,0.0,0.0,0.0,0.0,0.0,0.0,0.0,0.0,0.0,0.0,0.0,0.0,0.0
136,15 Jul 2021 11:52:28am:359,786500,1079,399,tempochanger slider incremented,0.0,0.0,0.0,0.0,0.0,0.0,0.0,0.0,0.0,0.0,0.0,0.0,0.0
137,15 Jul 2021 11:52:28am:697,786600,1079,399,tempochanger slider incremented,0.0,0.0,0.0,0.0,0.0,0.0,0.0,0.0,0.0,0.0,0.0,0.0,0.0
138,15 Jul 2021 11:52:29am:272,786800,1079,399,tempochanger slider incremented,0.0,0.0,0.0,0.0,0.0,0.0,0.0,0.0,0.0,0.0,0.0,0.0,0.0
139,15 Jul 2021 11:52:30am:586,787000,1079,399,tempochanger slider incremented,0.0,0.0,0.0,0.0,0.0,0.0,0.0,0.0,0.0,0.0,0.0,0.0,0.0
140,15 Jul 2021 11:52:37am:78,788400,881,413,note picker plus selected,0.0,0.0,0.0,0.0,0.0,0.0,0.0,0.0,0.0,0.0,0.0,0.0,0.0
141,15 Jul 2021 11:52:38am:18,790000,864,463,added a crotchet note,0.0,0.0,0.0,0.0,0.0,0.0,0.0,0.0,0.0,0.0,0.0,0.0,0.0
142,15 Jul 2021 11:52:47am:235,794600,881,408,note moved up,0.0,0.0,0.0,0.0,0.0,0.0,0.0,0.0,0.0,0.0,0.0,0.0,0.0
143,15 Jul 2021 11:52:47am:683,794900,888,405,note moved up,0.0,0.0,0.0,0.0,0.0,0.0,0.0,0.0,0.0,0.0,0.0,0.0,0.0
144,15 Jul 2021 11:52:48am:316,795100,889,405,note moved up,0.0,0.0,0.0,0.0,0.0,0.0,0.0,0.0,0.0,0.0,0.0,0.0,0.0
145,15 Jul 2021 11:52:49am:68,795300,889,405,note moved up,0.0,0.0,0.0,0.0,0.0,0.0,0.0,0.0,0.0,0.0,0.0,0.0,0.0
146,15 Jul 2021 11:52:52am:640,795500,476,405,note moved up,0.0,0.0,0.0,0.0,0.0,0.0,0.0,0.0,0.0,1.0,0.0,0.0,0.0
147,15 Jul 2021 11:53:23am:248,800300,495,410,note moved up,0.0,0.0,0.0,0.0,0.0,0.0,0.0,0.0,0.0,1.0,0.0,0.0,0.0
148,15 Jul 2021 11:53:23am:529,800500,495,410,note moved up,0.0,0.0,0.0,0.0,0.0,0.0,0.0,0.0,0.0,1.0,0.0,0.0,0.0
149,15 Jul 2021 11:53:40am:477,806000,126,76,play clicked,0.0,0.0,0.0,0.0,0.0,0.0,0.0,0.0,0.0,1.0,1.0,1.0,1.0
150,15 Jul 2021 11:53:48am:405,813900,126,76,playing stoppped,0.0,0.0,0.0,0.0,0.0,0.0,0.0,0.0,0.0,1.0,1.0,1.0,1.0
151,15 Jul 2021 11:54:40am:87,824700,195,22,basic tab selected,0.0,0.0,0.0,0.0,0.0,0.0,0.0,0.0,0.0,1.0,1.0,1.0,1.0
152,15 Jul 2021 11:54:42am:575,831000,1289,586,twofourbar block added,0.0,0.0,0.0,0.0,0.0,0.0,0.0,0.0,0.0,1.0,1.0,1.0,1.0
153,15 Jul 2021 11:54:51am:402,834000,1211,615,twofourbar start drag,0.0,0.0,0.0,0.0,0.0,0.0,0.0,0.0,0.0,0.0,0.0,0.0,0.0
154,15 Jul 2021 11:54:52am:575,835300,1251,463,twofourbar end drag,0.0,0.0,0.0,0.0,0.0,0.0,0.0,0.0,0.0,0.0,0.0,0.0,0.0
155,15 Jul 2021 11:54:52am:575,835300,1251,463,connection made between endrepeat and twofourbar,0.0,0.0,0.0,0.0,0.0,0.0,0.0,0.0,0.0,0.0,0.0,0.0,0.0
156,15 Jul 2021 11:56:14am:175,837500,334,15,time tab selected,0.0,0.0,0.0,0.0,0.0,0.0,0.0,0.0,0.0,0.0,0.0,0.0,0.0
157,15 Jul 2021 11:56:45am:720,842700,1157,312,tempochanger block added,0.0,0.0,0.0,0.0,0.0,0.0,0.0,0.0,0.0,0.0,0.0,0.0,0.0
158,15 Jul 2021 11:56:51am:953,844100,1111,283,tempochanger start drag,0.0,0.0,0.0,0.0,0.0,0.0,0.0,0.0,0.0,0.0,0.0,0.0,0.0
159,15 Jul 2021 11:56:52am:656,845500,1108,410,tempochanger end drag,0.0,0.0,0.0,0.0,0.0,0.0,0.0,0.0,0.0,0.0,0.0,0.0,0.0
160,15 Jul 2021 11:56:52am:656,845500,1108,410,connection made between twofourbar and tempochanger,0.0,0.0,0.0,0.0,0.0,0.0,0.0,0.0,0.0,0.0,0.0,0.0,0.0
161,15 Jul 2021 11:57:00am:603,848100,948,702,endrepeat block added,0.0,0.0,0.0,0.0,0.0,0.0,0.0,0.0,0.0,0.0,0.0,0.0,0.0
162,15 Jul 2021 11:57:09am:945,849600,891,729,endrepeat start drag,0.0,0.0,0.0,0.0,0.0,0.0,0.0,0.0,0.0,0.0,0.0,0.0,0.0
163,15 Jul 2021 11:57:11am:40,854000,1225,461,endrepeat end drag,0.0,0.0,0.0,0.0,0.0,0.0,0.0,0.0,0.0,0.0,0.0,0.0,0.0
164,15 Jul 2021 11:57:11am:40,854000,1225,461,connection made between tempochanger and endrepeat,0.0,0.0,0.0,0.0,0.0,0.0,0.0,0.0,0.0,0.0,0.0,0.0,0.0
165,15 Jul 2021 11:57:50am:46,874100,387,399,tempochanger slider incremented,0.0,0.0,0.0,0.0,0.0,0.0,0.0,0.0,0.0,0.0,0.0,0.0,0.0
166,15 Jul 2021 11:57:58am:748,875800,1171,406,tempochanger slider incremented,0.0,0.0,0.0,0.0,0.0,0.0,0.0,0.0,0.0,0.0,0.0,0.0,0.0
167,15 Jul 2021 11:57:58am:919,876200,1171,406,tempochanger slider incremented,0.0,0.0,0.0,0.0,0.0,0.0,0.0,0.0,0.0,0.0,0.0,0.0,0.0
168,15 Jul 2021 11:57:59am:280,876600,1171,405,tempochanger slider incremented,0.0,0.0,0.0,0.0,0.0,0.0,0.0,0.0,0.0,0.0,0.0,0.0,0.0
169,15 Jul 2021 11:57:59am:499,876800,1171,405,tempochanger slider incremented,0.0,0.0,0.0,0.0,0.0,0.0,0.0,0.0,0.0,0.0,0.0,0.0,0.0
170,15 Jul 2021 11:57:59am:827,877000,1171,405,tempochanger slider incremented,0.0,0.0,0.0,0.0,0.0,0.0,0.0,0.0,0.0,0.0,0.0,0.0,0.0
171,15 Jul 2021 11:58:00am:105,877200,1171,405,tempochanger slider incremented,0.0,0.0,0.0,0.0,0.0,0.0,0.0,0.0,0.0,0.0,0.0,0.0,0.0
172,15 Jul 2021 11:58:00am:366,877400,1171,405,tempochanger slider incremented,0.0,0.0,0.0,0.0,0.0,0.0,0.0,0.0,0.0,0.0,0.0,0.0,0.0
173,15 Jul 2021 11:58:00am:962,877600,1171,405,tempochanger slider incremented,0.0,0.0,0.0,0.0,0.0,0.0,0.0,0.0,0.0,0.0,0.0,0.0,0.0
174,15 Jul 2021 11:58:01am:501,877700,1171,405,tempochanger slider incremented,0.0,0.0,0.0,0.0,0.0,0.0,0.0,0.0,0.0,0.0,0.0,0.0,0.0
175,15 Jul 2021 11:58:02am:887,877900,1171,405,tempochanger slider incremented,1.0,1.0,1.0,0.0,0.0,0.0,0.0,0.0,0.0,0.0,0.0,0.0,1.0
176,15 Jul 2021 11:58:15am:762,882100,91,87,play clicked,1.0,1.0,1.0,0.0,0.0,0.0,0.0,0.0,0.0,0.0,0.0,0.0,1.0
177,15 Jul 2021 11:58:19am:391,885700,81,162,stop clicked,0.0,0.0,0.0,1.0,1.0,1.0,0.0,0.0,0.0,0.0,0.0,0.0,1.0
178,15 Jul 2021 11:58:20am:497,887400,202,249,playing stoppped,0.0,0.0,0.0,1.0,1.0,1.0,0.0,0.0,0.0,0.0,0.0,0.0,1.0
179,15 Jul 2021 11:58:31am:823,888400,981,397,note picker plus selected,0.0,0.0,0.0,1.0,1.0,1.0,0.0,0.0,0.0,0.0,0.0,0.0,1.0
180,15 Jul 2021 11:58:33am:504,890100,946,455,added a crotchet note,0.0,0.0,0.0,1.0,1.0,1.0,0.0,0.0,0.0,0.0,0.0,0.0,1.0
181,15 Jul 2021 11:58:40am:49,892000,974,442,note moved down,0.0,0.0,0.0,1.0,1.0,1.0,0.0,0.0,0.0,0.0,0.0,0.0,1.0
182,15 Jul 2021 11:58:40am:314,892300,974,442,note moved down,0.0,0.0,0.0,1.0,1.0,1.0,0.0,0.0,0.0,0.0,0.0,0.0,1.0
183,15 Jul 2021 11:59:28am:245,894900,83,103,play clicked,1.0,1.0,1.0,1.0,1.0,1.0,1.0,0.0,0.0,0.0,0.0,0.0,1.0
184,15 Jul 2021 11:58:19am:391,908300,81,162,stop clicked,1.0,1.0,1.0,0.0,0.0,0.0,1.0,1.0,1.0,0.0,0.0,0.0,1.0
185,15 Jul 2021 11:59:40am:449,908300,82,162,playing stoppped,1.0,1.0,1.0,0.0,0.0,0.0,1.0,1.0,1.0,0.0,0.0,0.0,1.0
186,15 Jul 2021 12:00:26pm:509,914300,394,434,tempochanger slider decremented,0.0,0.0,0.0,0.0,0.0,0.0,0.0,1.0,0.0,0.0,0.0,0.0,0.0
187,15 Jul 2021 12:00:26pm:640,914500,394,434,tempochanger slider decremented,0.0,0.0,0.0,0.0,0.0,0.0,0.0,1.0,0.0,0.0,0.0,0.0,0.0
188,15 Jul 2021 12:00:26pm:796,914700,394,434,tempochanger slider decremented,0.0,0.0,0.0,0.0,0.0,0.0,0.0,1.0,0.0,0.0,0.0,0.0,0.0
189,15 Jul 2021 12:00:26pm:951,915000,394,434,tempochanger slider decremented,0.0,0.0,0.0,0.0,0.0,0.0,0.0,1.0,0.0,0.0,0.0,0.0,0.0
190,15 Jul 2021 12:00:31pm:391,915200,386,435,tempochanger slider decremented,0.0,0.0,0.0,0.0,0.0,0.0,0.0,0.0,0.0,0.0,0.0,0.0,0.0
191,15 Jul 2021 12:00:32pm:86,915500,386,435,tempochanger slider decremented,0.0,0.0,0.0,0.0,0.0,0.0,0.0,0.0,0.0,0.0,0.0,0.0,0.0
192,15 Jul 2021 12:00:32pm:272,915600,386,435,tempochanger slider decremented,0.0,0.0,0.0,0.0,0.0,0.0,0.0,0.0,0.0,0.0,0.0,0.0,0.0
193,15 Jul 2021 12:00:32pm:788,915900,386,435,tempochanger slider decremented,0.0,0.0,0.0,0.0,0.0,0.0,0.0,0.0,0.0,0.0,0.0,0.0,0.0
194,15 Jul 2021 12:00:33pm:275,916100,390,434,tempochanger slider decremented,0.0,0.0,0.0,0.0,0.0,0.0,0.0,0.0,0.0,0.0,0.0,0.0,0.0
195,15 Jul 2021 12:00:33pm:764,916400,390,434,tempochanger slider decremented,0.0,0.0,0.0,0.0,0.0,0.0,0.0,0.0,0.0,0.0,0.0,0.0,0.0
196,15 Jul 2021 12:00:34pm:285,917100,390,434,tempochanger slider decremented,0.0,0.0,0.0,0.0,0.0,0.0,0.0,0.0,0.0,0.0,0.0,0.0,0.0
197,15 Jul 2021 12:00:35pm:70,917800,390,434,tempochanger slider decremented,0.0,0.0,0.0,0.0,0.0,0.0,0.0,0.0,0.0,0.0,0.0,0.0,0.0
198,15 Jul 2021 12:00:46pm:202,920000,790,434,tempochanger slider decremented,0.0,0.0,0.0,0.0,0.0,0.0,0.0,0.0,0.0,0.0,0.0,0.0,0.0
199,15 Jul 2021 12:00:46pm:371,920200,790,434,tempochanger slider decremented,0.0,0.0,0.0,0.0,0.0,0.0,0.0,0.0,0.0,0.0,0.0,0.0,0.0
200,15 Jul 2021 12:00:46pm:546,920400,790,434,tempochanger slider decremented,0.0,0.0,0.0,0.0,0.0,0.0,0.0,0.0,0.0,0.0,0.0,0.0,0.0
201,15 Jul 2021 12:00:46pm:732,920600,790,434,tempochanger slider decremented,0.0,0.0,0.0,0.0,0.0,0.0,0.0,0.0,0.0,0.0,0.0,0.0,0.0
202,15 Jul 2021 12:00:46pm:916,920700,790,434,tempochanger slider decremented,0.0,0.0,0.0,0.0,0.0,0.0,0.0,0.0,0.0,0.0,0.0,0.0,0.0
203,15 Jul 2021 12:00:47pm:109,920900,790,434,tempochanger slider decremented,0.0,0.0,0.0,0.0,0.0,0.0,0.0,0.0,0.0,0.0,0.0,0.0,0.0
204,15 Jul 2021 12:00:47pm:318,921100,790,434,tempochanger slider decremented,0.0,0.0,0.0,0.0,0.0,0.0,0.0,0.0,0.0,0.0,0.0,0.0,0.0
205,15 Jul 2021 12:00:47pm:515,921300,790,434,tempochanger slider decremented,0.0,0.0,0.0,0.0,0.0,0.0,0.0,0.0,0.0,0.0,0.0,0.0,0.0
206,15 Jul 2021 12:00:48pm:117,921500,790,434,tempochanger slider decremented,0.0,0.0,0.0,0.0,0.0,0.0,0.0,0.0,0.0,0.0,0.0,0.0,0.0
207,15 Jul 2021 12:00:48pm:318,921800,790,434,tempochanger slider decremented,0.0,0.0,0.0,0.0,0.0,0.0,0.0,0.0,0.0,0.0,0.0,0.0,0.0
208,15 Jul 2021 12:00:48pm:534,922000,790,434,tempochanger slider decremented,0.0,0.0,0.0,0.0,0.0,0.0,0.0,0.0,0.0,0.0,0.0,0.0,0.0
209,15 Jul 2021 12:00:48pm:878,922100,790,434,tempochanger slider decremented,0.0,0.0,0.0,0.0,0.0,0.0,0.0,0.0,0.0,0.0,0.0,0.0,0.0
210,15 Jul 2021 12:00:49pm:293,922300,790,434,tempochanger slider decremented,0.0,0.0,0.0,0.0,0.0,0.0,0.0,0.0,0.0,0.0,0.0,0.0,0.0
211,15 Jul 2021 12:00:49pm:670,922400,790,434,tempochanger slider decremented,0.0,0.0,0.0,0.0,0.0,0.0,0.0,0.0,0.0,0.0,0.0,0.0,0.0
212,15 Jul 2021 12:00:50pm:87,922600,790,434,tempochanger slider decremented,0.0,0.0,0.0,0.0,0.0,0.0,0.0,0.0,0.0,0.0,0.0,0.0,0.0
213,15 Jul 2021 12:00:50pm:631,923100,790,434,tempochanger slider decremented,0.0,0.0,0.0,0.0,0.0,0.0,0.0,0.0,0.0,0.0,0.0,0.0,0.0
214,15 Jul 2021 12:01:51pm:687,924700,1170,432,tempochanger slider decremented,0.0,0.0,0.0,0.0,0.0,0.0,0.0,0.0,0.0,0.0,0.0,0.0,0.0
215,15 Jul 2021 12:01:51pm:938,924900,1170,432,tempochanger slider decremented,0.0,0.0,0.0,0.0,0.0,0.0,0.0,0.0,0.0,0.0,0.0,0.0,0.0
216,15 Jul 2021 12:01:52pm:143,925400,1170,432,tempochanger slider decremented,0.0,0.0,0.0,0.0,0.0,0.0,0.0,0.0,0.0,0.0,0.0,0.0,0.0
217,15 Jul 2021 12:01:52pm:363,925600,1170,432,tempochanger slider decremented,0.0,0.0,0.0,0.0,0.0,0.0,0.0,0.0,0.0,0.0,0.0,0.0,0.0
218,15 Jul 2021 12:01:52pm:563,925700,1170,432,tempochanger slider decremented,0.0,0.0,0.0,0.0,0.0,0.0,0.0,0.0,0.0,0.0,0.0,0.0,0.0
219,15 Jul 2021 12:01:52pm:772,925900,1170,432,tempochanger slider decremented,0.0,0.0,0.0,0.0,0.0,0.0,0.0,0.0,0.0,0.0,0.0,0.0,0.0
220,15 Jul 2021 12:01:52pm:995,926100,1170,432,tempochanger slider decremented,0.0,0.0,0.0,0.0,0.0,0.0,0.0,0.0,0.0,0.0,0.0,0.0,0.0
221,15 Jul 2021 12:01:53pm:213,926200,1170,432,tempochanger slider decremented,0.0,0.0,0.0,0.0,0.0,0.0,0.0,0.0,0.0,0.0,0.0,0.0,0.0
222,15 Jul 2021 12:01:53pm:428,926700,1170,432,tempochanger slider decremented,0.0,0.0,0.0,0.0,0.0,0.0,0.0,0.0,0.0,0.0,0.0,0.0,0.0
223,15 Jul 2021 12:01:53pm:633,926900,1170,432,tempochanger slider decremented,0.0,0.0,0.0,0.0,0.0,0.0,0.0,0.0,0.0,0.0,0.0,0.0,0.0
224,15 Jul 2021 12:01:53pm:845,927000,1170,432,tempochanger slider decremented,0.0,0.0,0.0,0.0,0.0,0.0,0.0,0.0,0.0,0.0,0.0,0.0,0.0
225,15 Jul 2021 12:01:54pm:88,927200,1170,432,tempochanger slider decremented,0.0,0.0,0.0,0.0,0.0,0.0,0.0,0.0,0.0,0.0,0.0,0.0,0.0
226,15 Jul 2021 12:01:54pm:341,927400,1170,432,tempochanger slider decremented,0.0,0.0,0.0,0.0,0.0,0.0,0.0,0.0,0.0,0.0,0.0,0.0,0.0
227,15 Jul 2021 12:01:54pm:693,927600,1170,432,tempochanger slider decremented,0.0,0.0,0.0,0.0,0.0,0.0,0.0,0.0,0.0,0.0,0.0,0.0,0.0
228,15 Jul 2021 12:01:55pm:94,927800,1170,432,tempochanger slider decremented,0.0,0.0,0.0,0.0,0.0,0.0,0.0,0.0,0.0,0.0,0.0,0.0,0.0
229,15 Jul 2021 12:01:55pm:823,928100,1170,432,tempochanger slider decremented,0.0,0.0,0.0,0.0,0.0,0.0,0.0,0.0,0.0,0.0,0.0,0.0,0.0
230,15 Jul 2021 12:01:57pm:61,928400,1170,432,tempochanger slider decremented,0.0,0.0,0.0,0.0,0.0,0.0,0.0,0.0,0.0,0.0,0.0,0.0,0.0
231,15 Jul 2021 12:01:57pm:740,928800,1170,432,tempochanger slider decremented,0.0,0.0,0.0,0.0,0.0,0.0,0.0,0.0,0.0,0.0,0.0,0.0,0.0
232,15 Jul 2021 12:01:58pm:264,929400,1170,432,tempochanger slider decremented,0.0,0.0,0.0,0.0,0.0,0.0,0.0,0.0,0.0,0.0,0.0,0.0,0.0
233,15 Jul 2021 12:01:58pm:893,930500,1170,432,tempochanger slider decremented,0.0,0.0,0.0,0.0,0.0,0.0,0.0,0.0,0.0,0.0,0.0,0.0,0.0
234,15 Jul 2021 12:02:25pm:397,941200,1036,405,note picker plus selected,0.0,0.0,0.0,0.0,0.0,0.0,0.0,0.0,0.0,0.0,0.0,0.0,0.0
235,15 Jul 2021 12:02:35pm:199,944000,571,404,note moved up,0.0,0.0,0.0,0.0,0.0,0.0,0.0,0.0,0.0,0.0,0.0,0.0,0.0
236,15 Jul 2021 12:02:35pm:727,944200,571,404,note moved up,0.0,0.0,0.0,0.0,0.0,0.0,0.0,0.0,0.0,0.0,0.0,0.0,0.0
237,15 Jul 2021 12:02:35pm:951,944400,571,404,note moved up,0.0,0.0,0.0,0.0,0.0,0.0,0.0,0.0,0.0,0.0,0.0,0.0,0.0
238,15 Jul 2021 12:02:36pm:146,944500,571,404,note moved up,0.0,0.0,0.0,0.0,0.0,0.0,0.0,0.0,0.0,0.0,0.0,0.0,0.0
239,15 Jul 2021 12:02:36pm:359,944700,571,404,note moved up,0.0,0.0,0.0,0.0,0.0,0.0,0.0,0.0,0.0,0.0,0.0,0.0,0.0
240,15 Jul 2021 12:02:36pm:575,944900,571,404,note moved up,0.0,0.0,0.0,0.0,0.0,0.0,0.0,0.0,0.0,0.0,0.0,0.0,0.0
241,15 Jul 2021 12:02:36pm:812,945800,571,404,note moved up,0.0,0.0,0.0,0.0,0.0,0.0,0.0,0.0,0.0,0.0,0.0,0.0,0.0
242,15 Jul 2021 12:02:37pm:40,946000,571,404,note moved up,0.0,0.0,0.0,0.0,0.0,0.0,0.0,0.0,0.0,0.0,0.0,0.0,0.0
243,15 Jul 2021 12:02:37pm:382,946200,571,404,note moved up,0.0,0.0,0.0,0.0,0.0,0.0,0.0,0.0,0.0,0.0,0.0,0.0,0.0
244,15 Jul 2021 12:02:38pm:649,947200,571,404,note moved up,0.0,0.0,0.0,0.0,0.0,0.0,0.0,0.0,0.0,0.0,0.0,0.0,0.0
245,15 Jul 2021 12:03:50pm:706,949400,89,92,play clicked,0.0,0.0,0.0,0.0,0.0,0.0,0.0,0.0,0.0,0.0,0.0,0.0,0.0
246,15 Jul 2021 12:03:56pm:697,962700,456,402,twofourbar start drag,0.0,0.0,0.0,0.0,0.0,0.0,0.0,0.0,0.0,0.0,0.0,0.0,0.0
247,15 Jul 2021 12:03:59pm:789,963300,491,396,twofourbar end drag,0.0,0.0,0.0,0.0,0.0,0.0,0.0,0.0,0.0,0.0,0.0,0.0,0.0
248,15 Jul 2021 12:04:04pm:449,963300,462,398,playing stoppped,0.0,0.0,0.0,0.0,0.0,0.0,0.0,0.0,0.0,0.0,0.0,0.0,0.0
249,15 Jul 2021 12:03:59pm:789,963300,491,396,connection made between twofourbar and tempochanger,0.0,0.0,0.0,0.0,0.0,0.0,0.0,0.0,0.0,0.0,0.0,0.0,0.0
250,15 Jul 2021 12:03:59pm:936,963300,491,396,twofourbar start drag,0.0,0.0,0.0,0.0,0.0,0.0,0.0,0.0,0.0,0.0,0.0,0.0,0.0
251,15 Jul 2021 12:04:00pm:840,964800,463,398,twofourbar end drag,0.0,0.0,0.0,0.0,0.0,0.0,0.0,0.0,0.0,0.0,0.0,0.0,0.0
252,15 Jul 2021 12:04:00pm:840,964800,463,398,connection made between twofourbar and tempochanger,0.0,0.0,0.0,0.0,0.0,0.0,0.0,0.0,0.0,0.0,0.0,0.0,0.0
253,15 Jul 2021 12:04:00pm:840,964800,463,398,connection made between piano and twofourbar,0.0,0.0,0.0,0.0,0.0,0.0,0.0,0.0,0.0,0.0,0.0,0.0,0.0
254,15 Jul 2021 12:04:16pm:746,968000,615,458,tempochanger start drag,0.0,0.0,0.0,0.0,0.0,0.0,0.0,0.0,0.0,0.0,0.0,0.0,0.0
255,15 Jul 2021 12:04:17pm:280,969400,655,458,tempochanger end drag,0.0,0.0,0.0,0.0,0.0,0.0,0.0,0.0,0.0,0.0,0.0,0.0,0.0
256,15 Jul 2021 12:04:17pm:281,969400,655,458,connection made between tempochanger and endrepeat,0.0,0.0,0.0,0.0,0.0,0.0,0.0,0.0,0.0,0.0,0.0,0.0,0.0
257,15 Jul 2021 12:04:17pm:842,970800,658,458,tempochanger start drag,0.0,0.0,0.0,0.0,0.0,0.0,0.0,0.0,0.0,0.0,0.0,0.0,0.0
258,15 Jul 2021 12:04:18pm:542,972200,632,459,tempochanger end drag,0.0,0.0,0.0,0.0,0.0,0.0,0.0,0.0,0.0,0.0,0.0,0.0,0.0
259,15 Jul 2021 12:04:18pm:542,972200,632,459,connection made between twofourbar and tempochanger,0.0,0.0,0.0,0.0,0.0,0.0,0.0,0.0,0.0,0.0,0.0,0.0,0.0
260,15 Jul 2021 12:04:18pm:542,972200,632,459,connection made between tempochanger and endrepeat,0.0,0.0,0.0,0.0,0.0,0.0,0.0,0.0,0.0,0.0,0.0,0.0,0.0
261,15 Jul 2021 12:04:29pm:570,973900,859,456,twofourbar start drag,0.0,0.0,0.0,0.0,0.0,0.0,0.0,0.0,0.0,0.0,0.0,0.0,0.0
262,15 Jul 2021 12:04:31pm:551,977500,460,593,twofourbar end drag,0.0,0.0,0.0,0.0,0.0,0.0,0.0,0.0,0.0,0.0,0.0,0.0,0.0
263,15 Jul 2021 12:04:31pm:551,977500,460,593,connection made between twofourbar and tempochanger,0.0,0.0,0.0,0.0,0.0,0.0,0.0,0.0,0.0,0.0,0.0,0.0,0.0
264,15 Jul 2021 12:04:37pm:113,978800,453,593,twofourbar start drag,0.0,0.0,0.0,0.0,0.0,0.0,0.0,0.0,0.0,0.0,0.0,0.0,0.0
265,15 Jul 2021 12:04:39pm:888,980200,455,581,twofourbar end drag,0.0,0.0,0.0,0.0,0.0,0.0,0.0,0.0,0.0,0.0,0.0,0.0,0.0
266,15 Jul 2021 12:04:39pm:889,980200,455,581,connection made between twofourbar and tempochanger,0.0,0.0,0.0,0.0,0.0,0.0,0.0,0.0,0.0,0.0,0.0,0.0,0.0
267,15 Jul 2021 12:04:48pm:280,981300,850,587,twofourbar start drag,0.0,0.0,0.0,0.0,0.0,0.0,0.0,0.0,0.0,0.0,0.0,0.0,0.0
268,15 Jul 2021 12:04:50pm:992,982200,457,701,twofourbar end drag,0.0,0.0,0.0,0.0,0.0,0.0,0.0,0.0,0.0,0.0,0.0,0.0,0.0
269,15 Jul 2021 12:04:50pm:993,982200,457,701,connection made between twofourbar and tempochanger,0.0,0.0,0.0,0.0,0.0,0.0,0.0,0.0,0.0,0.0,0.0,0.0,0.0
270,16 Jul 2021 12:04:50pm:993,983000,850,587,twofourbar start drag,0.0,0.0,0.0,0.0,0.0,0.0,0.0,0.0,0.0,0.0,0.0,0.0,0.0
271,17 Jul 2021 12:04:50pm:993,984900,457,701,twofourbar end drag,0.0,0.0,0.0,0.0,0.0,0.0,0.0,0.0,0.0,0.0,0.0,0.0,0.0
272,18 Jul 2021 12:04:50pm:993,984900,457,701,connection made between twofourbar and tempochanger,0.0,0.0,0.0,0.0,0.0,0.0,0.0,0.0,0.0,0.0,0.0,0.0,0.0
273,15 Jul 2021 12:05:06pm:919,987400,246,19,basic tab selected,0.0,0.0,0.0,0.0,0.0,0.0,0.0,0.0,0.0,0.0,0.0,0.0,0.0
274,15 Jul 2021 12:05:08pm:145,991400,216,489,piano block added,0.0,0.0,0.0,0.0,0.0,0.0,0.0,0.0,0.0,0.0,0.0,0.0,0.0
275,15 Jul 2021 12:05:17pm:689,992200,216,489,piano start drag,0.0,0.0,0.0,0.0,0.0,0.0,0.0,0.0,0.0,0.0,0.0,0.0,0.0
276,15 Jul 2021 12:05:19pm:224,992200,383,559,piano end drag,0.0,0.0,0.0,0.0,0.0,0.0,0.0,0.0,0.0,0.0,0.0,0.0,0.0
277,15 Jul 2021 12:05:19pm:225,992200,383,559,connection made between piano and twofourbar,0.0,0.0,0.0,0.0,0.0,0.0,0.0,0.0,0.0,0.0,0.0,0.0,0.0
278,15 Jul 2021 12:05:25pm:281,992900,380,549,piano start drag,0.0,0.0,0.0,0.0,0.0,0.0,0.0,0.0,0.0,0.0,0.0,0.0,0.0
279,15 Jul 2021 12:05:27pm:263,997600,391,531,piano end drag,0.0,0.0,0.0,0.0,0.0,0.0,0.0,0.0,0.0,0.0,0.0,0.0,0.0
280,15 Jul 2021 12:05:27pm:263,997600,391,531,connection made between piano and twofourbar,0.0,0.0,0.0,0.0,0.0,0.0,0.0,0.0,0.0,0.0,0.0,0.0,0.0
281,15 Jul 2021 12:05:37pm:125,1005800,333,707,piano block added,0.0,0.0,0.0,0.0,0.0,0.0,0.0,0.0,0.0,0.0,0.0,0.0,0.0
282,15 Jul 2021 12:05:42pm:194,1006600,326,708,piano start drag,0.0,0.0,0.0,0.0,0.0,0.0,0.0,0.0,0.0,0.0,0.0,0.0,0.0
283,15 Jul 2021 12:05:44pm:80,1007800,377,670,piano end drag,0.0,0.0,0.0,0.0,0.0,0.0,0.0,0.0,0.0,0.0,0.0,0.0,0.0
284,15 Jul 2021 12:05:44pm:80,1007800,377,670,connection made between piano and twofourbar,0.0,0.0,0.0,0.0,0.0,0.0,0.0,0.0,0.0,0.0,0.0,0.0,0.0
285,15 Jul 2021 12:07:17pm:242,1009600,385,684,piano start drag,0.0,0.0,0.0,0.0,0.0,0.0,0.0,0.0,0.0,0.0,0.0,0.0,0.0
286,15 Jul 2021 12:07:18pm:832,1010700,384,684,piano end drag,0.0,0.0,0.0,0.0,0.0,0.0,0.0,0.0,0.0,0.0,0.0,0.0,0.0
287,15 Jul 2021 12:07:18pm:832,1010700,384,684,connection made between piano and twofourbar,0.0,0.0,0.0,0.0,0.0,0.0,0.0,0.0,0.0,0.0,0.0,0.0,0.0
288,15 Jul 2021 12:07:32pm:542,1014600,76,86,play clicked,0.0,0.0,0.0,0.0,0.0,0.0,0.0,0.0,0.0,0.0,0.0,0.0,0.0
289,15 Jul 2021 12:07:36pm:196,1018200,76,86,playing stoppped,1.0,0.0,0.0,0.0,0.0,0.0,0.0,1.0,0.0,0.0,0.0,0.0,0.0
290,15 Jul 2021 12:07:44pm:81,1022300,395,654,piano start drag,1.0,0.0,0.0,0.0,0.0,0.0,0.0,1.0,0.0,0.0,0.0,0.0,0.0
291,15 Jul 2021 12:07:46pm:844,1023300,389,648,piano end drag,1.0,0.0,0.0,0.0,0.0,0.0,0.0,0.0,0.0,0.0,0.0,0.0,0.0
292,15 Jul 2021 12:07:46pm:844,1023300,389,648,connection made between piano and twofourbar,1.0,0.0,0.0,0.0,0.0,0.0,0.0,0.0,0.0,0.0,0.0,0.0,0.0
293,15 Jul 2021 12:07:51pm:246,1024100,396,661,piano start drag,1.0,0.0,0.0,0.0,0.0,0.0,0.0,0.0,0.0,0.0,0.0,0.0,0.0
294,15 Jul 2021 12:07:53pm:7,1025200,407,662,piano end drag,1.0,0.0,0.0,0.0,0.0,0.0,0.0,0.0,0.0,0.0,0.0,0.0,0.0
295,15 Jul 2021 12:07:53pm:8,1025200,407,662,connection made between piano and twofourbar,1.0,0.0,0.0,0.0,0.0,0.0,0.0,0.0,0.0,0.0,0.0,0.0,0.0
296,15 Jul 2021 12:07:59pm:832,1026100,462,691,twofourbar start drag,0.0,0.0,0.0,0.0,0.0,0.0,0.0,0.0,0.0,0.0,0.0,0.0,0.0
297,15 Jul 2021 12:08:02pm:788,1028500,863,566,twofourbar end drag,0.0,0.0,0.0,0.0,0.0,0.0,0.0,0.0,0.0,0.0,0.0,0.0,0.0
298,15 Jul 2021 12:08:02pm:788,1028500,863,566,connection made between endrepeat and twofourbar,0.0,0.0,0.0,0.0,0.0,0.0,0.0,0.0,0.0,0.0,0.0,0.0,0.0
299,15 Jul 2021 12:08:02pm:788,1028500,863,566,connection made between twofourbar and tempochanger,0.0,0.0,0.0,0.0,0.0,0.0,0.0,0.0,0.0,0.0,0.0,0.0,0.0
300,15 Jul 2021 12:08:17pm:443,1030500,112,97,play clicked,0.0,0.0,0.0,0.0,0.0,0.0,0.0,0.0,0.0,0.0,0.0,0.0,0.0
301,15 Jul 2021 12:08:26pm:32,1039100,112,97,playing stoppped,0.0,0.0,0.0,0.0,0.0,0.0,0.0,0.0,0.0,0.0,0.0,0.0,0.0
302,15 Jul 2021 12:08:58pm:328,1047700,510,450,note moved down,0.0,0.0,0.0,0.0,0.0,0.0,0.0,0.0,0.0,0.0,0.0,0.0,0.0
303,15 Jul 2021 12:08:58pm:725,1047900,510,450,note moved down,0.0,0.0,0.0,0.0,0.0,0.0,0.0,0.0,0.0,0.0,0.0,0.0,0.0
304,15 Jul 2021 12:08:59pm:163,1048100,510,450,note moved down,0.0,0.0,0.0,0.0,0.0,0.0,0.0,0.0,0.0,0.0,0.0,0.0,0.0
305,15 Jul 2021 12:08:59pm:661,1048200,510,450,note moved down,0.0,0.0,0.0,0.0,0.0,0.0,0.0,0.0,0.0,0.0,0.0,0.0,0.0
306,15 Jul 2021 12:09:05pm:558,1050300,496,513,note moved up,0.0,0.0,0.0,0.0,0.0,0.0,0.0,0.0,0.0,0.0,0.0,0.0,0.0
307,15 Jul 2021 12:09:05pm:939,1050500,496,513,note moved up,0.0,0.0,0.0,0.0,0.0,0.0,0.0,0.0,0.0,0.0,0.0,0.0,0.0
308,15 Jul 2021 12:09:06pm:325,1050700,496,513,note moved up,0.0,0.0,0.0,0.0,0.0,0.0,0.0,0.0,0.0,0.0,0.0,0.0,0.0
309,15 Jul 2021 12:09:15pm:40,1052500,494,562,note moved down,0.0,0.0,0.0,0.0,0.0,0.0,0.0,0.0,0.0,0.0,0.0,0.0,0.0
310,15 Jul 2021 12:09:15pm:476,1052800,494,562,note moved down,0.0,0.0,0.0,0.0,0.0,0.0,0.0,0.0,0.0,0.0,0.0,0.0,0.0
311,15 Jul 2021 12:09:16pm:28,1053100,494,562,note moved down,0.0,0.0,0.0,0.0,0.0,0.0,0.0,0.0,0.0,0.0,0.0,0.0,0.0
312,15 Jul 2021 12:09:20pm:574,1054100,494,562,note moved down,0.0,0.0,0.0,0.0,0.0,0.0,0.0,0.0,0.0,0.0,0.0,0.0,0.0
313,15 Jul 2021 12:09:36pm:469,1056200,86,81,play clicked,1.0,1.0,1.0,0.0,0.0,0.0,0.0,0.0,0.0,0.0,0.0,0.0,1.0
314,15 Jul 2021 12:09:45pm:625,1064800,86,81,playing stoppped,1.0,1.0,1.0,0.0,0.0,0.0,0.0,0.0,0.0,0.0,0.0,0.0,1.0
315,15 Jul 2021 12:09:57pm:505,1068500,697,543,tempochanger slider decremented,1.0,1.0,1.0,0.0,0.0,0.0,0.0,0.0,0.0,0.0,0.0,0.0,1.0
316,15 Jul 2021 12:09:57pm:706,1068600,697,543,tempochanger slider decremented,1.0,1.0,1.0,0.0,0.0,0.0,0.0,0.0,0.0,0.0,0.0,0.0,1.0
317,15 Jul 2021 12:09:57pm:895,1068800,697,543,tempochanger slider decremented,1.0,1.0,1.0,0.0,0.0,0.0,0.0,0.0,0.0,0.0,0.0,0.0,1.0
318,15 Jul 2021 12:09:58pm:100,1069000,697,543,tempochanger slider decremented,1.0,1.0,1.0,0.0,0.0,0.0,0.0,0.0,0.0,0.0,0.0,0.0,1.0
319,15 Jul 2021 12:09:58pm:308,1069200,697,543,tempochanger slider decremented,1.0,1.0,1.0,0.0,0.0,0.0,0.0,0.0,0.0,0.0,0.0,0.0,1.0
320,15 Jul 2021 12:09:58pm:524,1069400,697,543,tempochanger slider decremented,1.0,1.0,1.0,0.0,0.0,0.0,0.0,0.0,0.0,0.0,0.0,0.0,1.0
321,15 Jul 2021 12:09:58pm:755,1069700,697,543,tempochanger slider decremented,1.0,1.0,1.0,0.0,0.0,0.0,0.0,0.0,0.0,0.0,0.0,0.0,1.0
322,15 Jul 2021 12:09:59pm:220,1069900,697,543,tempochanger slider decremented,1.0,1.0,1.0,0.0,0.0,0.0,0.0,0.0,0.0,0.0,0.0,0.0,1.0
323,15 Jul 2021 12:09:59pm:501,1070100,697,543,tempochanger slider decremented,1.0,1.0,1.0,0.0,0.0,0.0,0.0,0.0,0.0,0.0,0.0,0.0,1.0
324,15 Jul 2021 12:09:59pm:829,1070200,697,543,tempochanger slider decremented,1.0,1.0,1.0,0.0,0.0,0.0,0.0,0.0,0.0,0.0,0.0,0.0,1.0
325,15 Jul 2021 12:10:00pm:138,1070400,697,543,tempochanger slider decremented,1.0,1.0,1.0,0.0,0.0,0.0,0.0,0.0,0.0,0.0,0.0,0.0,1.0
326,15 Jul 2021 12:10:00pm:462,1070800,697,543,tempochanger slider decremented,1.0,1.0,1.0,0.0,0.0,0.0,0.0,0.0,0.0,0.0,0.0,0.0,1.0
327,15 Jul 2021 12:10:01pm:67,1070900,697,543,tempochanger slider decremented,1.0,1.0,1.0,0.0,0.0,0.0,0.0,0.0,0.0,0.0,0.0,0.0,1.0
328,15 Jul 2021 12:10:01pm:918,1071000,697,543,tempochanger slider decremented,1.0,1.0,1.0,0.0,0.0,0.0,0.0,0.0,0.0,0.0,0.0,0.0,1.0
329,15 Jul 2021 12:09:36pm:469,1074600,86,81,play clicked,1.0,1.0,1.0,0.0,0.0,0.0,1.0,0.0,0.0,1.0,1.0,1.0,1.0
330,15 Jul 2021 12:09:45pm:625,1084600,86,81,playing stoppped,1.0,1.0,1.0,0.0,0.0,0.0,1.0,0.0,0.0,1.0,1.0,1.0,1.0
331,15 Jul 2021 12:10:52pm:517,1105300,723,690,twofourbar block added,0.0,0.0,0.0,0.0,0.0,0.0,0.0,0.0,0.0,0.0,0.0,0.0,0.0
332,15 Jul 2021 12:10:53pm:668,1109200,656,716,twofourbar start drag,0.0,0.0,0.0,0.0,0.0,0.0,0.0,0.0,0.0,0.0,0.0,0.0,0.0
333,15 Jul 2021 12:10:54pm:834,1113300,478,679,twofourbar end drag,0.0,0.0,0.0,0.0,0.0,0.0,0.0,0.0,0.0,0.0,0.0,0.0,0.0
334,15 Jul 2021 12:10:54pm:834,1113300,478,679,connection made between piano and twofourbar,0.0,0.0,0.0,0.0,0.0,0.0,0.0,0.0,0.0,0.0,0.0,0.0,0.0
335,15 Jul 2021 12:11:35pm:6,1115900,333,13,time tab selected,0.0,0.0,0.0,0.0,0.0,0.0,0.0,0.0,0.0,0.0,0.0,0.0,0.0
336,15 Jul 2021 12:11:43pm:866,1120400,812,301,tempochanger block added,0.0,0.0,0.0,0.0,0.0,0.0,0.0,0.0,0.0,0.0,0.0,0.0,0.0
337,15 Jul 2021 12:11:51pm:746,1123800,766,338,tempochanger start drag,0.0,0.0,0.0,0.0,0.0,0.0,0.0,0.0,0.0,0.0,0.0,0.0,0.0
338,15 Jul 2021 12:11:52pm:893,1124200,737,389,tempochanger end drag,0.0,0.0,0.0,0.0,0.0,0.0,0.0,0.0,0.0,0.0,0.0,0.0,0.0
339,15 Jul 2021 12:12:03pm:409,1128000,730,323,tempochanger start drag,0.0,0.0,0.0,0.0,0.0,0.0,0.0,0.0,0.0,0.0,0.0,0.0,0.0
340,15 Jul 2021 12:12:05pm:784,1132100,393,641,tempochanger end drag,0.0,0.0,0.0,0.0,0.0,0.0,0.0,0.0,0.0,0.0,0.0,0.0,0.0
341,15 Jul 2021 12:12:05pm:784,1132100,393,641,connection made between twofourbar and tempochanger,0.0,0.0,0.0,0.0,0.0,0.0,0.0,0.0,0.0,0.0,0.0,0.0,0.0
342,15 Jul 2021 12:12:17pm:109,1136600,586,636,endrepeat block added,0.0,0.0,0.0,0.0,0.0,0.0,0.0,0.0,0.0,0.0,0.0,0.0,0.0
343,15 Jul 2021 12:12:22pm:964,1138100,535,614,endrepeat start drag,0.0,0.0,0.0,0.0,0.0,0.0,0.0,0.0,0.0,0.0,0.0,0.0,0.0
344,15 Jul 2021 12:12:24pm:108,1139700,505,663,endrepeat end drag,0.0,0.0,0.0,0.0,0.0,0.0,0.0,0.0,0.0,0.0,0.0,0.0,0.0
345,15 Jul 2021 12:12:24pm:108,1139700,505,663,connection made between tempochanger and endrepeat,0.0,0.0,0.0,0.0,0.0,0.0,0.0,0.0,0.0,0.0,0.0,0.0,0.0
346,15 Jul 2021 12:12:30pm:274,1140900,258,649,note picker plus selected,0.0,0.0,0.0,0.0,0.0,0.0,0.0,0.0,0.0,0.0,0.0,0.0,0.0
347,15 Jul 2021 12:12:31pm:481,1142500,291,606,added a crotchet note,0.0,0.0,0.0,0.0,0.0,0.0,0.0,0.0,0.0,0.0,0.0,0.0,0.0
348,15 Jul 2021 12:12:42pm:565,1144000,314,640,note picker plus selected,0.0,0.0,0.0,0.0,0.0,0.0,0.0,0.0,0.0,0.0,0.0,0.0,0.0
349,15 Jul 2021 12:12:42pm:845,1144500,314,640,note picker plus selected,0.0,0.0,0.0,0.0,0.0,0.0,0.0,0.0,0.0,0.0,0.0,0.0,0.0
350,15 Jul 2021 12:12:43pm:111,1144900,314,640,note picker plus selected,0.0,0.0,0.0,0.0,0.0,0.0,0.0,0.0,0.0,0.0,0.0,0.0,0.0
351,15 Jul 2021 12:12:55pm:987,1148400,270,639,note moved up,0.0,0.0,0.0,0.0,0.0,0.0,0.0,0.0,0.0,0.0,0.0,0.0,0.0
352,15 Jul 2021 12:12:56pm:406,1148600,270,639,note moved up,0.0,0.0,0.0,0.0,0.0,0.0,0.0,0.0,0.0,0.0,0.0,0.0,0.0
353,15 Jul 2021 12:12:56pm:598,1148700,270,639,note moved up,0.0,0.0,0.0,0.0,0.0,0.0,0.0,0.0,0.0,0.0,0.0,0.0,0.0
354,15 Jul 2021 12:12:56pm:860,1149000,270,639,note moved up,0.0,0.0,0.0,0.0,0.0,0.0,0.0,0.0,0.0,0.0,0.0,0.0,0.0
355,15 Jul 2021 12:12:57pm:65,1149200,270,639,note moved up,0.0,0.0,0.0,0.0,0.0,0.0,0.0,0.0,0.0,0.0,0.0,0.0,0.0
356,15 Jul 2021 12:12:57pm:276,1149300,270,639,note moved up,0.0,0.0,0.0,0.0,0.0,0.0,0.0,0.0,0.0,0.0,0.0,0.0,0.0
357,15 Jul 2021 12:12:57pm:541,1149600,270,639,note moved up,0.0,0.0,0.0,0.0,0.0,0.0,0.0,0.0,0.0,0.0,0.0,0.0,0.0
358,15 Jul 2021 12:12:57pm:837,1149800,270,639,note moved up,0.0,0.0,0.0,0.0,0.0,0.0,0.0,0.0,0.0,0.0,0.0,0.0,0.0
359,15 Jul 2021 12:12:58pm:463,1149900,270,639,note moved up,0.0,0.0,0.0,0.0,0.0,0.0,0.0,0.0,0.0,0.0,0.0,0.0,0.0
360,15 Jul 2021 12:12:58pm:958,1150100,270,639,note moved up,0.0,0.0,0.0,0.0,0.0,0.0,0.0,0.0,0.0,0.0,0.0,0.0,0.0
361,15 Jul 2021 12:12:59pm:681,1150500,270,639,note moved up,0.0,0.0,0.0,0.0,0.0,0.0,0.0,0.0,0.0,0.0,1.0,0.0,0.0
362,15 Jul 2021 12:13:14pm:288,1157100,171,20,basic tab selected,0.0,0.0,0.0,0.0,0.0,0.0,0.0,0.0,0.0,0.0,1.0,0.0,0.0
363,15 Jul 2021 12:13:17pm:560,1160100,328,263,twofourbar block added,0.0,0.0,0.0,0.0,0.0,0.0,0.0,0.0,0.0,0.0,1.0,0.0,0.0
364,15 Jul 2021 12:13:24pm:741,1161900,389,698,tempochanger start drag,0.0,0.0,0.0,0.0,0.0,0.0,0.0,0.0,0.0,0.0,1.0,0.0,0.0
365,15 Jul 2021 12:13:25pm:441,1162800,819,701,tempochanger end drag,0.0,0.0,0.0,0.0,0.0,0.0,0.0,0.0,0.0,0.0,1.0,0.0,0.0
366,15 Jul 2021 12:13:25pm:441,1162800,819,701,connection made between tempochanger and endrepeat,0.0,0.0,0.0,0.0,0.0,0.0,0.0,0.0,0.0,0.0,1.0,0.0,0.0
367,15 Jul 2021 12:13:34pm:895,1164700,258,235,twofourbar start drag,0.0,0.0,0.0,0.0,0.0,0.0,0.0,0.0,0.0,0.0,0.0,0.0,0.0
368,15 Jul 2021 12:13:36pm:582,1167300,407,655,twofourbar end drag,0.0,0.0,0.0,0.0,0.0,0.0,0.0,0.0,0.0,0.0,0.0,0.0,0.0
369,15 Jul 2021 12:13:36pm:582,1167300,407,655,connection made between twofourbar and twofourbar,0.0,0.0,0.0,0.0,0.0,0.0,0.0,0.0,0.0,0.0,0.0,0.0,0.0
370,15 Jul 2021 12:13:43pm:501,1169300,813,693,tempochanger start drag,0.0,0.0,0.0,0.0,0.0,0.0,0.0,0.0,0.0,0.0,0.0,0.0,0.0
371,15 Jul 2021 12:13:44pm:934,1170900,557,693,tempochanger end drag,0.0,0.0,0.0,0.0,0.0,0.0,0.0,0.0,0.0,0.0,0.0,0.0,0.0
372,15 Jul 2021 12:13:44pm:934,1170900,557,693,connection made between tempochanger and endrepeat,0.0,0.0,0.0,0.0,0.0,0.0,0.0,0.0,0.0,0.0,0.0,0.0,0.0
373,15 Jul 2021 12:13:44pm:935,1170900,557,693,connection made between twofourbar and tempochanger,0.0,0.0,0.0,0.0,0.0,0.0,0.0,0.0,0.0,0.0,0.0,0.0,0.0
374,15 Jul 2021 12:13:51pm:238,1172700,425,648,note picker plus selected,0.0,0.0,0.0,0.0,0.0,0.0,0.0,0.0,0.0,0.0,0.0,0.0,0.0
375,15 Jul 2021 12:13:52pm:235,1174000,457,597,added a crotchet note,0.0,0.0,0.0,0.0,0.0,0.0,0.0,0.0,0.0,0.0,0.0,0.0,0.0
376,15 Jul 2021 12:13:57pm:521,1175600,428,683,note moved down,0.0,0.0,0.0,0.0,0.0,0.0,0.0,0.0,0.0,0.0,0.0,0.0,0.0
377,15 Jul 2021 12:13:57pm:971,1175800,428,683,note moved down,0.0,0.0,0.0,0.0,0.0,0.0,0.0,0.0,0.0,0.0,0.0,0.0,0.0
378,15 Jul 2021 12:13:58pm:424,1176000,428,683,note moved down,0.0,0.0,0.0,0.0,0.0,0.0,0.0,0.0,0.0,0.0,0.0,0.0,0.0
379,15 Jul 2021 12:14:02pm:147,1176800,428,683,note moved down,0.0,0.0,0.0,0.0,0.0,0.0,0.0,0.0,0.0,0.0,0.0,0.0,0.0
380,15 Jul 2021 12:14:22pm:144,1179400,97,99,play clicked,0.0,0.0,0.0,0.0,0.0,0.0,0.0,0.0,0.0,0.0,0.0,0.0,0.0
381,15 Jul 2021 12:14:33pm:156,1190400,97,98,playing stoppped,0.0,0.0,0.0,0.0,0.0,0.0,0.0,0.0,0.0,0.0,0.0,0.0,0.0
382,15 Jul 2021 12:14:43pm:116,1204300,167,636,piano start drag,0.0,0.0,0.0,0.0,0.0,0.0,0.0,0.0,0.0,0.0,0.0,0.0,0.0
383,15 Jul 2021 12:14:45pm:84,1207000,171,604,piano end drag,0.0,0.0,0.0,0.0,0.0,0.0,0.0,0.0,0.0,0.0,0.0,0.0,0.0
384,15 Jul 2021 12:14:45pm:85,1207000,171,604,connection made between piano and twofourbar,0.0,0.0,0.0,0.0,0.0,0.0,0.0,0.0,0.0,0.0,0.0,0.0,0.0
385,15 Jul 2021 12:14:45pm:85,1207000,171,604,connection made between piano and twofourbar,0.0,0.0,0.0,0.0,0.0,0.0,0.0,0.0,0.0,0.0,0.0,0.0,0.0
386,15 Jul 2021 12:14:54pm:424,1208900,133,519,piano start drag,0.0,0.0,0.0,0.0,0.0,0.0,0.0,0.0,0.0,0.0,0.0,0.0,0.0
387,15 Jul 2021 12:14:56pm:512,1212300,218,725,piano end drag,0.0,0.0,0.0,0.0,0.0,0.0,0.0,0.0,0.0,0.0,0.0,0.0,0.0
388,15 Jul 2021 12:15:06pm:482,1213300,383,761,twofourbar start drag,0.0,0.0,0.0,0.0,0.0,0.0,0.0,0.0,0.0,0.0,0.0,0.0,0.0
389,15 Jul 2021 12:15:10pm:400,1218000,1012,682,twofourbar end drag,0.0,0.0,0.0,0.0,0.0,0.0,0.0,0.0,0.0,0.0,0.0,0.0,0.0
390,15 Jul 2021 12:15:10pm:400,1218000,1012,682,connection made between endrepeat and twofourbar,0.0,0.0,0.0,0.0,0.0,0.0,0.0,0.0,0.0,0.0,0.0,0.0,0.0
391,15 Jul 2021 12:15:10pm:400,1218000,1012,682,connection made between twofourbar and tempochanger,0.0,0.0,0.0,0.0,0.0,0.0,0.0,0.0,0.0,0.0,0.0,0.0,0.0
392,15 Jul 2021 12:15:18pm:971,1220200,181,616,piano start drag,0.0,0.0,0.0,0.0,0.0,0.0,0.0,0.0,0.0,0.0,0.0,0.0,0.0
393,15 Jul 2021 12:15:22pm:202,1224000,1,526,piano end drag,0.0,0.0,0.0,0.0,0.0,0.0,0.0,0.0,0.0,0.0,0.0,0.0,0.0
394,15 Jul 2021 12:15:22pm:202,1224000,1,526,connection made between piano and twofourbar,0.0,0.0,0.0,0.0,0.0,0.0,0.0,0.0,0.0,0.0,0.0,0.0,0.0
395,15 Jul 2021 12:15:35pm:106,1226100,15,532,piano start drag,0.0,0.0,0.0,0.0,0.0,0.0,0.0,0.0,0.0,0.0,0.0,0.0,0.0
396,15 Jul 2021 12:15:37pm:905,1228200,40,563,piano end drag,0.0,0.0,0.0,0.0,0.0,0.0,0.0,0.0,0.0,0.0,0.0,0.0,0.0
397,15 Jul 2021 12:15:37pm:906,1228200,40,563,connection made between piano and twofourbar,0.0,0.0,0.0,0.0,0.0,0.0,0.0,0.0,0.0,0.0,0.0,0.0,0.0
398,15 Jul 2021 12:15:45pm:498,1229200,29,559,piano start drag,0.0,0.0,0.0,0.0,0.0,0.0,0.0,0.0,0.0,0.0,0.0,0.0,0.0
399,15 Jul 2021 12:15:46pm:649,1232100,24,553,piano end drag,0.0,0.0,0.0,0.0,0.0,0.0,0.0,0.0,0.0,0.0,0.0,0.0,0.0
400,15 Jul 2021 12:15:46pm:649,1232100,24,553,connection made between piano and twofourbar,0.0,0.0,0.0,0.0,0.0,0.0,0.0,0.0,0.0,0.0,0.0,0.0,0.0
401,15 Jul 2021 12:16:17pm:39,1234700,391,595,tempochanger start drag,0.0,0.0,0.0,0.0,0.0,0.0,0.0,0.0,0.0,0.0,0.0,0.0,0.0
402,15 Jul 2021 12:16:18pm:719,1237000,399,595,tempochanger end drag,0.0,0.0,0.0,0.0,0.0,0.0,0.0,0.0,0.0,0.0,0.0,0.0,0.0
403,15 Jul 2021 12:16:18pm:719,1237000,399,595,connection made between twofourbar and tempochanger,0.0,0.0,0.0,0.0,0.0,0.0,0.0,0.0,0.0,0.0,0.0,0.0,0.0
404,15 Jul 2021 12:16:18pm:719,1237000,399,595,connection made between tempochanger and endrepeat,0.0,0.0,0.0,0.0,0.0,0.0,0.0,0.0,0.0,0.0,0.0,0.0,0.0
405,15 Jul 2021 12:16:23pm:899,1237900,229,605,twofourbar start drag,0.0,0.0,0.0,0.0,0.0,0.0,0.0,0.0,0.0,0.0,0.0,0.0,0.0
406,15 Jul 2021 12:16:27pm:166,1239600,230,604,twofourbar end drag,0.0,0.0,0.0,0.0,0.0,0.0,0.0,0.0,0.0,0.0,0.0,0.0,0.0
407,15 Jul 2021 12:16:27pm:166,1239600,230,604,connection made between twofourbar and twofourbar,0.0,0.0,0.0,0.0,0.0,0.0,0.0,0.0,0.0,0.0,0.0,0.0,0.0
408,15 Jul 2021 12:16:27pm:167,1239600,230,604,connection made between piano and twofourbar,0.0,0.0,0.0,0.0,0.0,0.0,0.0,0.0,0.0,0.0,0.0,0.0,0.0
409,15 Jul 2021 12:16:39pm:435,1242300,40,592,piano start drag,0.0,0.0,0.0,0.0,0.0,0.0,0.0,0.0,0.0,0.0,0.0,0.0,0.0
410,15 Jul 2021 12:16:44pm:107,1245400,40,592,piano end drag,0.0,0.0,0.0,0.0,0.0,0.0,0.0,0.0,0.0,0.0,0.0,0.0,0.0
411,15 Jul 2021 12:16:44pm:107,1245400,40,592,connection made between piano and twofourbar,0.0,0.0,0.0,0.0,0.0,0.0,0.0,0.0,0.0,0.0,0.0,0.0,0.0
412,15 Jul 2021 12:16:46pm:77,1246600,72,595,twofourbar start drag,0.0,0.0,0.0,0.0,0.0,0.0,0.0,0.0,0.0,0.0,0.0,0.0,0.0
413,15 Jul 2021 12:16:47pm:77,1248600,80,594,twofourbar end drag,0.0,0.0,0.0,0.0,0.0,0.0,0.0,0.0,0.0,0.0,0.0,0.0,0.0
414,15 Jul 2021 12:16:47pm:77,1248600,80,594,connection made between twofourbar and twofourbar,0.0,0.0,0.0,0.0,0.0,0.0,0.0,0.0,0.0,0.0,0.0,0.0,0.0
415,15 Jul 2021 12:16:47pm:78,1248600,80,594,connection made between piano and twofourbar,0.0,0.0,0.0,0.0,0.0,0.0,0.0,0.0,0.0,0.0,0.0,0.0,0.0
416,15 Jul 2021 12:17:09pm:786,1250500,73,597,twofourbar start drag,0.0,0.0,0.0,0.0,0.0,0.0,0.0,0.0,0.0,1.0,0.0,0.0,0.0
417,15 Jul 2021 12:17:11pm:537,1252300,205,594,twofourbar end drag,0.0,0.0,0.0,0.0,0.0,0.0,0.0,0.0,0.0,1.0,0.0,0.0,0.0
418,15 Jul 2021 12:17:11pm:537,1252300,205,594,connection made between twofourbar and twofourbar,0.0,0.0,0.0,0.0,0.0,0.0,0.0,0.0,0.0,1.0,0.0,0.0,0.0
419,15 Jul 2021 12:17:15pm:866,1253100,18,558,piano start drag,0.0,0.0,0.0,0.0,0.0,0.0,0.0,0.0,0.0,1.0,0.0,0.0,0.0
420,15 Jul 2021 12:17:16pm:713,1254000,579,750,piano end drag,0.0,0.0,0.0,0.0,0.0,0.0,0.0,0.0,0.0,1.0,0.0,0.0,0.0
421,15 Jul 2021 12:17:27pm:10,1255800,206,587,twofourbar start drag,0.0,0.0,0.0,0.0,0.0,0.0,0.0,0.0,0.0,0.0,0.0,0.0,0.0
422,15 Jul 2021 12:17:32pm:9,1258300,642,763,twofourbar end drag,0.0,0.0,0.0,0.0,0.0,0.0,0.0,0.0,0.0,0.0,0.0,0.0,0.0
423,15 Jul 2021 12:17:32pm:9,1258300,642,763,connection made between twofourbar and twofourbar,0.0,0.0,0.0,0.0,0.0,0.0,0.0,0.0,0.0,0.0,0.0,0.0,0.0
424,15 Jul 2021 12:17:32pm:10,1258300,642,763,connection made between piano and twofourbar,0.0,0.0,0.0,0.0,0.0,0.0,0.0,0.0,0.0,0.0,0.0,0.0,0.0
425,15 Jul 2021 12:17:39pm:964,1259500,178,432,piano start drag,0.0,0.0,0.0,0.0,0.0,0.0,0.0,0.0,0.0,0.0,0.0,0.0,0.0
426,15 Jul 2021 12:17:41pm:272,1260900,351,413,piano end drag,0.0,0.0,0.0,0.0,0.0,0.0,0.0,0.0,0.0,0.0,0.0,0.0,0.0
427,15 Jul 2021 12:17:41pm:272,1260900,351,413,connection made between piano and twofourbar,0.0,0.0,0.0,0.0,0.0,0.0,0.0,0.0,0.0,0.0,0.0,0.0,0.0
428,15 Jul 2021 12:17:50pm:275,1261400,309,370,piano start drag,0.0,0.0,0.0,0.0,0.0,0.0,0.0,0.0,0.0,0.0,0.0,0.0,0.0
429,15 Jul 2021 12:17:51pm:349,1265600,438,344,piano end drag,0.0,0.0,0.0,0.0,0.0,0.0,0.0,0.0,0.0,0.0,0.0,0.0,0.0
430,15 Jul 2021 12:17:51pm:349,1265600,438,344,connection made between piano and twofourbar,0.0,0.0,0.0,0.0,0.0,0.0,0.0,0.0,0.0,0.0,0.0,0.0,0.0
431,15 Jul 2021 12:21:15pm:249,1270400,640,395,tempochanger start drag,0.0,0.0,0.0,0.0,0.0,0.0,0.0,0.0,0.0,0.0,0.0,0.0,0.0
432,15 Jul 2021 12:21:15pm:568,1272000,721,362,tempochanger end drag,0.0,0.0,0.0,0.0,0.0,0.0,0.0,0.0,0.0,0.0,0.0,0.0,0.0
433,15 Jul 2021 12:21:15pm:568,1272000,721,362,connection made between tempochanger and endrepeat,0.0,0.0,0.0,0.0,0.0,0.0,0.0,0.0,0.0,0.0,0.0,0.0,0.0
434,15 Jul 2021 12:21:27pm:465,1273800,477,394,twofourbar start drag,0.0,0.0,0.0,0.0,0.0,0.0,0.0,0.0,0.0,0.0,0.0,0.0,0.0
435,15 Jul 2021 12:21:29pm:334,1279700,1541,610,twofourbar end drag,0.0,0.0,0.0,0.0,0.0,0.0,0.0,0.0,0.0,0.0,0.0,0.0,0.0
436,15 Jul 2021 12:21:29pm:334,1279700,1541,610,connection made between endrepeat and twofourbar,0.0,0.0,0.0,0.0,0.0,0.0,0.0,0.0,0.0,0.0,0.0,0.0,0.0
437,15 Jul 2021 12:22:03pm:66,1281400,380,408,tempochanger start drag,0.0,0.0,0.0,0.0,0.0,0.0,0.0,0.0,0.0,0.0,0.0,0.0,0.0
438,15 Jul 2021 12:22:04pm:848,1286700,1364,653,tempochanger end drag,0.0,0.0,0.0,0.0,0.0,0.0,0.0,1.0,0.0,1.0,0.0,0.0,0.0
439,15 Jul 2021 12:22:04pm:848,1286700,1364,653,connection made between twofourbar and tempochanger,0.0,0.0,0.0,0.0,0.0,0.0,0.0,1.0,0.0,1.0,0.0,0.0,0.0
440,15 Jul 2021 12:22:04pm:849,1286700,1364,653,connection made between tempochanger and endrepeat,0.0,0.0,0.0,0.0,0.0,0.0,0.0,1.0,0.0,1.0,0.0,0.0,0.0
441,15 Jul 2021 12:22:55pm:386,1289200,122,84,play clicked,0.0,0.0,0.0,0.0,0.0,0.0,0.0,1.0,0.0,1.0,0.0,0.0,0.0
442,15 Jul 2021 12:22:58pm:329,1320600,116,200,stop clicked,0.0,0.0,0.0,0.0,0.0,0.0,0.0,1.0,0.0,1.0,0.0,0.0,0.0
443,15 Jul 2021 12:23:00pm:729,1322400,116,200,playing stoppped,0.0,0.0,0.0,0.0,0.0,0.0,0.0,1.0,0.0,0.0,0.0,0.0,0.0
444,15 Jul 2021 12:23:32pm:161,1343100,643,650,tempochanger slider decremented,0.0,0.0,0.0,0.0,0.0,0.0,0.0,0.0,0.0,0.0,0.0,0.0,0.0
445,15 Jul 2021 12:23:32pm:406,1343200,643,650,tempochanger slider decremented,0.0,0.0,0.0,0.0,0.0,0.0,0.0,0.0,0.0,0.0,0.0,0.0,0.0
446,15 Jul 2021 12:23:32pm:542,1343300,643,650,tempochanger slider decremented,0.0,0.0,0.0,0.0,0.0,0.0,0.0,0.0,0.0,0.0,0.0,0.0,0.0
447,15 Jul 2021 12:23:32pm:695,1343500,643,650,tempochanger slider decremented,0.0,0.0,0.0,0.0,0.0,0.0,0.0,0.0,0.0,0.0,0.0,0.0,0.0
448,15 Jul 2021 12:23:32pm:856,1343600,643,650,tempochanger slider decremented,0.0,0.0,0.0,0.0,0.0,0.0,0.0,0.0,0.0,0.0,0.0,0.0,0.0
449,15 Jul 2021 12:23:33pm:3,1343700,643,650,tempochanger slider decremented,0.0,0.0,0.0,0.0,0.0,0.0,0.0,0.0,0.0,0.0,0.0,0.0,0.0
450,15 Jul 2021 12:23:33pm:167,1343900,643,650,tempochanger slider decremented,0.0,0.0,0.0,0.0,0.0,0.0,0.0,0.0,0.0,0.0,0.0,0.0,0.0
451,15 Jul 2021 12:23:33pm:318,1344000,644,649,tempochanger slider decremented,0.0,0.0,0.0,0.0,0.0,0.0,0.0,0.0,0.0,0.0,0.0,0.0,0.0
452,15 Jul 2021 12:23:33pm:502,1344100,644,649,tempochanger slider decremented,0.0,0.0,0.0,0.0,0.0,0.0,0.0,0.0,0.0,0.0,0.0,0.0,0.0
453,15 Jul 2021 12:23:33pm:600,1344300,644,649,tempochanger slider decremented,0.0,0.0,0.0,0.0,0.0,0.0,0.0,0.0,0.0,0.0,0.0,0.0,0.0
454,15 Jul 2021 12:23:33pm:776,1344400,644,649,tempochanger slider decremented,0.0,0.0,0.0,0.0,0.0,0.0,0.0,0.0,0.0,0.0,0.0,0.0,0.0
455,15 Jul 2021 12:23:33pm:922,1344500,644,649,tempochanger slider decremented,0.0,0.0,0.0,0.0,0.0,0.0,0.0,0.0,0.0,0.0,0.0,0.0,0.0
456,15 Jul 2021 12:23:34pm:68,1344700,644,649,tempochanger slider decremented,0.0,0.0,0.0,0.0,0.0,0.0,0.0,0.0,0.0,0.0,0.0,0.0,0.0
457,15 Jul 2021 12:23:34pm:242,1344800,644,649,tempochanger slider decremented,0.0,0.0,0.0,0.0,0.0,0.0,0.0,0.0,0.0,0.0,0.0,0.0,0.0
458,15 Jul 2021 12:23:34pm:414,1344900,643,649,tempochanger slider decremented,0.0,0.0,0.0,0.0,0.0,0.0,0.0,0.0,0.0,0.0,0.0,0.0,0.0
459,15 Jul 2021 12:23:34pm:631,1345100,643,649,tempochanger slider decremented,0.0,0.0,0.0,0.0,0.0,0.0,0.0,0.0,0.0,0.0,0.0,0.0,0.0
460,15 Jul 2021 12:23:34pm:798,1345200,643,649,tempochanger slider decremented,0.0,0.0,0.0,0.0,0.0,0.0,0.0,0.0,0.0,0.0,0.0,0.0,0.0
461,15 Jul 2021 12:23:35pm:167,1345400,643,649,tempochanger slider decremented,0.0,0.0,0.0,0.0,0.0,0.0,0.0,0.0,0.0,0.0,0.0,0.0,0.0
462,15 Jul 2021 12:23:35pm:334,1345500,643,649,tempochanger slider decremented,0.0,0.0,0.0,0.0,0.0,0.0,0.0,0.0,0.0,0.0,0.0,0.0,0.0
463,15 Jul 2021 12:23:35pm:494,1345600,643,649,tempochanger slider decremented,0.0,0.0,0.0,0.0,0.0,0.0,0.0,0.0,0.0,0.0,0.0,0.0,0.0
464,15 Jul 2021 12:23:35pm:654,1345800,643,649,tempochanger slider decremented,0.0,0.0,0.0,0.0,0.0,0.0,0.0,0.0,0.0,0.0,0.0,0.0,0.0
465,15 Jul 2021 12:23:35pm:832,1345900,643,649,tempochanger slider decremented,0.0,0.0,0.0,0.0,0.0,0.0,0.0,0.0,0.0,0.0,0.0,0.0,0.0
466,15 Jul 2021 12:23:36pm:8,1346000,643,649,tempochanger slider decremented,0.0,0.0,0.0,0.0,0.0,0.0,0.0,0.0,0.0,0.0,0.0,0.0,0.0
467,15 Jul 2021 12:23:36pm:176,1346200,643,649,tempochanger slider decremented,0.0,0.0,0.0,0.0,0.0,0.0,0.0,0.0,0.0,0.0,0.0,0.0,0.0
468,15 Jul 2021 12:23:36pm:331,1346300,643,649,tempochanger slider decremented,0.0,0.0,0.0,0.0,0.0,0.0,0.0,0.0,0.0,0.0,0.0,0.0,0.0
469,15 Jul 2021 12:23:36pm:481,1346400,643,649,tempochanger slider decremented,0.0,0.0,0.0,0.0,0.0,0.0,0.0,0.0,0.0,0.0,0.0,0.0,0.0
470,15 Jul 2021 12:23:36pm:655,1346600,643,649,tempochanger slider decremented,0.0,0.0,0.0,0.0,0.0,0.0,0.0,0.0,0.0,0.0,0.0,0.0,0.0
471,15 Jul 2021 12:23:36pm:815,1346700,643,649,tempochanger slider decremented,0.0,0.0,0.0,0.0,0.0,0.0,0.0,0.0,0.0,0.0,0.0,0.0,0.0
472,15 Jul 2021 12:23:36pm:975,1346800,643,649,tempochanger slider decremented,0.0,0.0,0.0,0.0,0.0,0.0,0.0,0.0,0.0,0.0,0.0,0.0,0.0
473,15 Jul 2021 12:23:37pm:144,1347000,643,649,tempochanger slider decremented,0.0,0.0,0.0,0.0,0.0,0.0,0.0,0.0,0.0,0.0,0.0,0.0,0.0
474,15 Jul 2021 12:23:37pm:319,1347100,643,649,tempochanger slider decremented,0.0,0.0,0.0,0.0,0.0,0.0,0.0,0.0,0.0,0.0,0.0,0.0,0.0
475,15 Jul 2021 12:23:37pm:504,1347200,643,649,tempochanger slider decremented,0.0,0.0,0.0,0.0,0.0,0.0,0.0,0.0,0.0,0.0,0.0,0.0,0.0
476,15 Jul 2021 12:23:37pm:680,1347400,643,649,tempochanger slider decremented,0.0,0.0,0.0,0.0,0.0,0.0,0.0,0.0,0.0,0.0,0.0,0.0,0.0
477,15 Jul 2021 12:23:37pm:944,1347500,643,649,tempochanger slider decremented,0.0,0.0,0.0,0.0,0.0,0.0,0.0,0.0,0.0,0.0,0.0,0.0,0.0
478,15 Jul 2021 12:23:38pm:383,1347600,643,649,tempochanger slider decremented,0.0,0.0,0.0,0.0,0.0,0.0,0.0,0.0,0.0,0.0,0.0,0.0,0.0
479,15 Jul 2021 12:23:38pm:952,1347800,643,649,tempochanger slider decremented,0.0,0.0,0.0,0.0,0.0,0.0,0.0,0.0,0.0,0.0,0.0,0.0,0.0
480,15 Jul 2021 12:23:39pm:991,1347900,643,649,tempochanger slider decremented,0.0,0.0,0.0,0.0,0.0,0.0,0.0,0.0,0.0,0.0,0.0,0.0,0.0
481,15 Jul 2021 12:23:40pm:824,1348000,643,649,tempochanger slider decremented,0.0,0.0,0.0,0.0,0.0,0.0,0.0,0.0,0.0,0.0,0.0,0.0,0.0
482,15 Jul 2021 12:23:42pm:112,1351200,643,649,tempochanger slider decremented,0.0,0.0,0.0,0.0,0.0,0.0,0.0,0.0,0.0,0.0,0.0,0.0,0.0
483,15 Jul 2021 12:23:45pm:248,1351300,643,649,tempochanger slider decremented,0.0,0.0,0.0,0.0,0.0,0.0,0.0,0.0,0.0,0.0,0.0,0.0,0.0
484,15 Jul 2021 12:23:50pm:568,1351400,652,612,tempochanger slider incremented,0.0,0.0,0.0,0.0,0.0,0.0,0.0,0.0,0.0,0.0,0.0,0.0,0.0
485,15 Jul 2021 12:23:51pm:38,1351700,652,612,tempochanger slider incremented,0.0,0.0,0.0,0.0,0.0,0.0,0.0,0.0,0.0,0.0,0.0,0.0,0.0
486,15 Jul 2021 12:23:51pm:513,1351800,652,611,tempochanger slider incremented,0.0,0.0,0.0,0.0,0.0,0.0,0.0,0.0,0.0,0.0,0.0,0.0,0.0
487,15 Jul 2021 12:23:52pm:16,1352000,652,611,tempochanger slider incremented,0.0,0.0,0.0,0.0,0.0,0.0,0.0,0.0,0.0,0.0,0.0,0.0,0.0
488,15 Jul 2021 12:23:52pm:440,1352100,652,611,tempochanger slider incremented,0.0,0.0,0.0,0.0,0.0,0.0,0.0,0.0,0.0,0.0,0.0,0.0,0.0
489,15 Jul 2021 12:23:52pm:824,1352200,652,611,tempochanger slider incremented,0.0,0.0,0.0,0.0,0.0,0.0,0.0,0.0,0.0,0.0,0.0,0.0,0.0
490,15 Jul 2021 12:23:53pm:304,1352400,652,611,tempochanger slider incremented,0.0,0.0,0.0,0.0,0.0,0.0,0.0,0.0,0.0,0.0,0.0,0.0,0.0
491,15 Jul 2021 12:23:53pm:712,1352500,652,611,tempochanger slider incremented,0.0,0.0,0.0,0.0,0.0,0.0,0.0,0.0,0.0,0.0,0.0,0.0,0.0
492,15 Jul 2021 12:23:54pm:152,1352600,652,611,tempochanger slider incremented,0.0,0.0,0.0,0.0,0.0,0.0,0.0,0.0,0.0,0.0,0.0,0.0,0.0
493,15 Jul 2021 12:23:54pm:520,1352800,652,611,tempochanger slider incremented,0.0,0.0,0.0,0.0,0.0,0.0,0.0,0.0,0.0,0.0,0.0,0.0,0.0
494,15 Jul 2021 12:23:54pm:792,1352900,652,611,tempochanger slider incremented,0.0,0.0,0.0,0.0,0.0,0.0,0.0,0.0,0.0,0.0,0.0,0.0,0.0
495,15 Jul 2021 12:23:55pm:0,1353000,652,611,tempochanger slider incremented,0.0,0.0,0.0,0.0,0.0,0.0,0.0,0.0,0.0,0.0,0.0,0.0,0.0
496,15 Jul 2021 12:23:55pm:176,1353200,652,611,tempochanger slider incremented,0.0,0.0,0.0,0.0,0.0,0.0,0.0,0.0,0.0,0.0,0.0,0.0,0.0
497,15 Jul 2021 12:23:55pm:382,1353300,652,611,tempochanger slider incremented,0.0,0.0,0.0,0.0,0.0,0.0,0.0,0.0,0.0,0.0,0.0,0.0,0.0
498,15 Jul 2021 12:23:55pm:606,1353400,652,611,tempochanger slider incremented,0.0,0.0,0.0,0.0,0.0,0.0,0.0,0.0,0.0,0.0,0.0,0.0,0.0
499,15 Jul 2021 12:23:56pm:62,1353600,652,611,tempochanger slider incremented,0.0,0.0,0.0,0.0,0.0,0.0,0.0,0.0,0.0,0.0,0.0,0.0,0.0
500,15 Jul 2021 12:23:56pm:368,1353700,652,611,tempochanger slider incremented,0.0,0.0,0.0,0.0,0.0,0.0,0.0,0.0,0.0,0.0,0.0,0.0,0.0
501,15 Jul 2021 12:23:56pm:991,1353800,652,611,tempochanger slider incremented,0.0,0.0,0.0,0.0,0.0,0.0,0.0,0.0,0.0,0.0,0.0,0.0,0.0
502,15 Jul 2021 12:23:57pm:206,1354000,652,611,tempochanger slider incremented,0.0,0.0,0.0,0.0,0.0,0.0,0.0,0.0,0.0,0.0,0.0,0.0,0.0
503,15 Jul 2021 12:23:58pm:262,1354100,652,611,tempochanger slider incremented,0.0,0.0,0.0,0.0,0.0,0.0,0.0,0.0,0.0,0.0,0.0,0.0,0.0
504,15 Jul 2021 12:23:58pm:974,1354200,652,611,tempochanger slider incremented,0.0,0.0,0.0,0.0,0.0,0.0,0.0,0.0,0.0,0.0,0.0,0.0,0.0
505,15 Jul 2021 12:23:59pm:967,1354400,652,611,tempochanger slider incremented,0.0,0.0,0.0,0.0,0.0,0.0,0.0,0.0,0.0,0.0,0.0,0.0,0.0
506,15 Jul 2021 12:24:01pm:214,1354500,652,611,tempochanger slider incremented,0.0,0.0,0.0,0.0,0.0,0.0,0.0,0.0,0.0,0.0,0.0,0.0,0.0
507,15 Jul 2021 12:24:03pm:104,1354600,652,611,tempochanger slider incremented,0.0,0.0,0.0,0.0,0.0,0.0,0.0,0.0,0.0,0.0,0.0,0.0,0.0
508,15 Jul 2021 12:24:03pm:268,1354800,652,611,tempochanger slider incremented,0.0,0.0,0.0,0.0,0.0,0.0,0.0,0.0,0.0,0.0,0.0,0.0,0.0
509,15 Jul 2021 12:24:22pm:283,1355400,250,646,tempochanger slider decremented,0.0,0.0,0.0,0.0,0.0,0.0,0.0,0.0,0.0,0.0,0.0,0.0,0.0
510,15 Jul 2021 12:24:22pm:440,1355600,250,646,tempochanger slider decremented,0.0,0.0,0.0,0.0,0.0,0.0,0.0,0.0,0.0,0.0,0.0,0.0,0.0
511,15 Jul 2021 12:24:22pm:592,1355800,250,646,tempochanger slider decremented,0.0,0.0,0.0,0.0,0.0,0.0,0.0,0.0,0.0,0.0,0.0,0.0,0.0
512,15 Jul 2021 12:24:22pm:742,1356100,250,646,tempochanger slider decremented,0.0,0.0,0.0,0.0,0.0,0.0,0.0,0.0,0.0,0.0,0.0,0.0,0.0
513,15 Jul 2021 12:24:22pm:891,1357000,250,646,tempochanger slider decremented,0.0,0.0,0.0,0.0,0.0,0.0,0.0,0.0,0.0,0.0,0.0,0.0,0.0
514,15 Jul 2021 12:24:23pm:39,1358500,250,646,tempochanger slider decremented,0.0,0.0,0.0,0.0,0.0,0.0,0.0,0.0,0.0,0.0,0.0,0.0,0.0
515,15 Jul 2021 12:24:23pm:206,1358600,250,646,tempochanger slider decremented,0.0,0.0,0.0,0.0,0.0,0.0,0.0,0.0,0.0,0.0,0.0,0.0,0.0
516,15 Jul 2021 12:24:23pm:356,1358800,250,646,tempochanger slider decremented,0.0,0.0,0.0,0.0,0.0,0.0,0.0,0.0,0.0,0.0,0.0,0.0,0.0
517,15 Jul 2021 12:24:23pm:506,1358900,250,646,tempochanger slider decremented,0.0,0.0,0.0,0.0,0.0,0.0,0.0,0.0,0.0,0.0,0.0,0.0,0.0
518,15 Jul 2021 12:24:23pm:660,1359000,250,646,tempochanger slider decremented,0.0,0.0,0.0,0.0,0.0,0.0,0.0,0.0,0.0,0.0,0.0,0.0,0.0
519,15 Jul 2021 12:24:23pm:815,1359200,250,646,tempochanger slider decremented,0.0,0.0,0.0,0.0,0.0,0.0,0.0,0.0,0.0,0.0,0.0,0.0,0.0
520,15 Jul 2021 12:24:23pm:992,1359300,250,646,tempochanger slider decremented,0.0,0.0,0.0,0.0,0.0,0.0,0.0,0.0,0.0,0.0,0.0,0.0,0.0
521,15 Jul 2021 12:24:24pm:167,1359400,250,646,tempochanger slider decremented,0.0,0.0,0.0,0.0,0.0,0.0,0.0,0.0,0.0,0.0,0.0,0.0,0.0
522,15 Jul 2021 12:24:24pm:342,1359600,250,646,tempochanger slider decremented,0.0,0.0,0.0,0.0,0.0,0.0,0.0,0.0,0.0,0.0,0.0,0.0,0.0
523,15 Jul 2021 12:24:24pm:528,1359700,250,646,tempochanger slider decremented,0.0,0.0,0.0,0.0,0.0,0.0,0.0,0.0,0.0,0.0,0.0,0.0,0.0
524,15 Jul 2021 12:24:24pm:686,1359800,250,646,tempochanger slider decremented,0.0,0.0,0.0,0.0,0.0,0.0,0.0,0.0,0.0,0.0,0.0,0.0,0.0
525,15 Jul 2021 12:24:24pm:862,1360000,250,646,tempochanger slider decremented,0.0,0.0,0.0,0.0,0.0,0.0,0.0,0.0,0.0,0.0,0.0,0.0,0.0
526,15 Jul 2021 12:24:25pm:47,1360100,250,646,tempochanger slider decremented,0.0,0.0,0.0,0.0,0.0,0.0,0.0,0.0,0.0,0.0,0.0,0.0,0.0
527,15 Jul 2021 12:24:25pm:230,1360200,250,646,tempochanger slider decremented,0.0,0.0,0.0,0.0,0.0,0.0,0.0,0.0,0.0,0.0,0.0,0.0,0.0
528,15 Jul 2021 12:24:25pm:414,1360300,250,646,tempochanger slider decremented,0.0,0.0,0.0,0.0,0.0,0.0,0.0,0.0,0.0,0.0,0.0,0.0,0.0
529,15 Jul 2021 12:24:25pm:607,1360500,250,646,tempochanger slider decremented,0.0,0.0,0.0,0.0,0.0,0.0,0.0,0.0,0.0,0.0,0.0,0.0,0.0
530,15 Jul 2021 12:24:25pm:835,1360600,251,646,tempochanger slider decremented,0.0,0.0,0.0,0.0,0.0,0.0,0.0,0.0,0.0,0.0,0.0,0.0,0.0
531,15 Jul 2021 12:24:26pm:86,1360700,251,646,tempochanger slider decremented,0.0,0.0,0.0,0.0,0.0,0.0,0.0,0.0,0.0,0.0,0.0,0.0,0.0
532,15 Jul 2021 12:24:26pm:342,1360900,251,646,tempochanger slider decremented,0.0,0.0,0.0,0.0,0.0,0.0,0.0,0.0,0.0,0.0,0.0,0.0,0.0
533,15 Jul 2021 12:24:26pm:808,1361000,251,646,tempochanger slider decremented,0.0,0.0,0.0,0.0,0.0,0.0,0.0,0.0,0.0,0.0,0.0,0.0,0.0
534,15 Jul 2021 12:24:27pm:870,1361100,246,605,tempochanger slider incremented,0.0,0.0,0.0,0.0,0.0,0.0,0.0,0.0,0.0,0.0,0.0,0.0,0.0
535,15 Jul 2021 12:24:28pm:17,1361300,246,605,tempochanger slider incremented,0.0,0.0,0.0,0.0,0.0,0.0,0.0,0.0,0.0,0.0,0.0,0.0,0.0
536,15 Jul 2021 12:24:28pm:171,1361400,246,605,tempochanger slider incremented,0.0,0.0,0.0,0.0,0.0,0.0,0.0,0.0,0.0,0.0,0.0,0.0,0.0
537,15 Jul 2021 12:24:28pm:335,1361500,246,605,tempochanger slider incremented,0.0,0.0,0.0,0.0,0.0,0.0,0.0,0.0,0.0,0.0,0.0,0.0,0.0
538,15 Jul 2021 12:24:28pm:483,1361700,246,605,tempochanger slider incremented,0.0,0.0,0.0,0.0,0.0,0.0,0.0,0.0,0.0,0.0,0.0,0.0,0.0
539,15 Jul 2021 12:24:28pm:652,1361800,246,605,tempochanger slider incremented,0.0,0.0,0.0,0.0,0.0,0.0,0.0,0.0,0.0,0.0,0.0,0.0,0.0
540,15 Jul 2021 12:24:28pm:799,1361900,246,605,tempochanger slider incremented,0.0,0.0,0.0,0.0,0.0,0.0,0.0,0.0,0.0,0.0,0.0,0.0,0.0
541,15 Jul 2021 12:24:28pm:966,1362100,246,605,tempochanger slider incremented,0.0,0.0,0.0,0.0,0.0,0.0,0.0,0.0,0.0,0.0,0.0,0.0,0.0
542,15 Jul 2021 12:24:29pm:136,1362200,246,605,tempochanger slider incremented,0.0,0.0,0.0,0.0,0.0,0.0,0.0,0.0,0.0,0.0,0.0,0.0,0.0
543,15 Jul 2021 12:24:29pm:302,1362300,246,605,tempochanger slider incremented,0.0,0.0,0.0,0.0,0.0,0.0,0.0,0.0,0.0,0.0,0.0,0.0,0.0
544,15 Jul 2021 12:24:29pm:455,1362500,246,605,tempochanger slider incremented,0.0,0.0,0.0,0.0,0.0,0.0,0.0,0.0,0.0,0.0,0.0,0.0,0.0
545,15 Jul 2021 12:24:29pm:616,1362600,246,605,tempochanger slider incremented,0.0,0.0,0.0,0.0,0.0,0.0,0.0,0.0,0.0,0.0,0.0,0.0,0.0
546,15 Jul 2021 12:24:29pm:781,1362700,246,605,tempochanger slider incremented,0.0,0.0,0.0,0.0,0.0,0.0,0.0,0.0,0.0,0.0,0.0,0.0,0.0
547,15 Jul 2021 12:24:29pm:950,1362900,246,605,tempochanger slider incremented,0.0,0.0,0.0,0.0,0.0,0.0,0.0,0.0,0.0,0.0,0.0,0.0,0.0
548,15 Jul 2021 12:24:30pm:128,1363000,246,605,tempochanger slider incremented,0.0,0.0,0.0,0.0,0.0,0.0,0.0,0.0,0.0,0.0,0.0,0.0,0.0
549,15 Jul 2021 12:24:30pm:335,1363100,246,605,tempochanger slider incremented,0.0,0.0,0.0,0.0,0.0,0.0,0.0,0.0,0.0,0.0,0.0,0.0,0.0
550,15 Jul 2021 12:24:30pm:512,1363300,246,605,tempochanger slider incremented,0.0,0.0,0.0,0.0,0.0,0.0,0.0,0.0,0.0,0.0,0.0,0.0,0.0
551,15 Jul 2021 12:24:30pm:688,1363900,246,605,tempochanger slider incremented,0.0,0.0,0.0,0.0,0.0,0.0,0.0,0.0,0.0,0.0,0.0,0.0,0.0
552,15 Jul 2021 12:24:31pm:80,1364100,246,605,tempochanger slider incremented,0.0,0.0,0.0,0.0,0.0,0.0,0.0,0.0,0.0,0.0,0.0,0.0,0.0
553,15 Jul 2021 12:24:31pm:424,1364300,246,605,tempochanger slider incremented,0.0,0.0,0.0,0.0,0.0,0.0,0.0,0.0,0.0,0.0,0.0,0.0,0.0
554,15 Jul 2021 12:24:31pm:640,1364500,246,605,tempochanger slider incremented,0.0,0.0,0.0,0.0,0.0,0.0,0.0,0.0,0.0,0.0,0.0,0.0,0.0
555,15 Jul 2021 12:24:31pm:888,1365000,246,605,tempochanger slider incremented,0.0,0.0,0.0,0.0,0.0,0.0,0.0,0.0,0.0,0.0,0.0,0.0,0.0
556,15 Jul 2021 12:24:32pm:240,1365100,246,605,tempochanger slider incremented,0.0,0.0,0.0,0.0,0.0,0.0,0.0,0.0,0.0,0.0,0.0,0.0,0.0
557,15 Jul 2021 12:24:32pm:829,1365200,246,605,tempochanger slider incremented,0.0,0.0,0.0,0.0,0.0,0.0,0.0,0.0,0.0,0.0,0.0,0.0,0.0
558,15 Jul 2021 12:24:33pm:566,1365600,246,605,tempochanger slider incremented,0.0,0.0,0.0,0.0,0.0,0.0,0.0,0.0,0.0,0.0,0.0,0.0,0.0
559,15 Jul 2021 12:24:54pm:533,1365800,1040,641,tempochanger slider decremented,0.0,0.0,0.0,0.0,0.0,0.0,0.0,0.0,0.0,0.0,0.0,0.0,0.0
560,15 Jul 2021 12:24:54pm:633,1365900,1040,641,tempochanger slider decremented,0.0,0.0,0.0,0.0,0.0,0.0,0.0,0.0,0.0,0.0,0.0,0.0,0.0
561,15 Jul 2021 12:24:54pm:733,1366200,1040,641,tempochanger slider decremented,0.0,0.0,0.0,0.0,0.0,0.0,0.0,0.0,0.0,0.0,0.0,0.0,0.0
562,15 Jul 2021 12:24:54pm:836,1366300,1040,641,tempochanger slider decremented,0.0,0.0,0.0,0.0,0.0,0.0,0.0,0.0,0.0,0.0,0.0,0.0,0.0
563,15 Jul 2021 12:24:54pm:934,1366400,1040,641,tempochanger slider decremented,0.0,0.0,0.0,0.0,0.0,0.0,0.0,0.0,0.0,0.0,0.0,0.0,0.0
564,15 Jul 2021 12:24:55pm:32,1366600,1040,641,tempochanger slider decremented,0.0,0.0,0.0,0.0,0.0,0.0,0.0,0.0,0.0,0.0,0.0,0.0,0.0
565,15 Jul 2021 12:24:55pm:131,1366700,1040,641,tempochanger slider decremented,0.0,0.0,0.0,0.0,0.0,0.0,0.0,0.0,0.0,0.0,0.0,0.0,0.0
566,15 Jul 2021 12:24:55pm:228,1368200,1040,641,tempochanger slider decremented,0.0,0.0,0.0,0.0,0.0,0.0,0.0,0.0,0.0,0.0,0.0,0.0,0.0
567,15 Jul 2021 12:24:55pm:325,1368400,1040,641,tempochanger slider decremented,0.0,0.0,0.0,0.0,0.0,0.0,0.0,0.0,0.0,0.0,0.0,0.0,0.0
568,15 Jul 2021 12:24:55pm:424,1368900,1040,641,tempochanger slider decremented,0.0,0.0,0.0,0.0,0.0,0.0,0.0,0.0,0.0,0.0,0.0,0.0,0.0
569,15 Jul 2021 12:24:55pm:520,1370000,1040,641,tempochanger slider decremented,0.0,0.0,0.0,0.0,0.0,0.0,0.0,0.0,0.0,0.0,0.0,0.0,0.0
570,15 Jul 2021 12:25:21pm:504,1375100,1084,609,endrepeat start drag,0.0,0.0,0.0,0.0,0.0,0.0,0.0,0.0,0.0,0.0,0.0,0.0,0.0
571,15 Jul 2021 12:25:22pm:452,1376900,1105,422,endrepeat end drag,0.0,0.0,0.0,0.0,0.0,0.0,0.0,0.0,0.0,0.0,0.0,0.0,0.0
572,15 Jul 2021 12:25:22pm:452,1376900,1105,422,connection made between endrepeat and twofourbar,0.0,0.0,0.0,0.0,0.0,0.0,0.0,0.0,0.0,0.0,0.0,0.0,0.0
573,15 Jul 2021 12:25:56pm:960,1384600,422,452,piano start drag,0.0,0.0,0.0,0.0,0.0,0.0,0.0,0.0,0.0,0.0,0.0,0.0,0.0
574,15 Jul 2021 12:25:57pm:665,1385800,934,387,piano end drag,0.0,0.0,0.0,0.0,0.0,0.0,0.0,0.0,0.0,0.0,0.0,0.0,0.0
575,15 Jul 2021 12:26:46pm:734,1387500,981,489,endrepeat start drag,0.0,0.0,0.0,0.0,0.0,0.0,0.0,0.0,0.0,0.0,0.0,0.0,0.0
576,15 Jul 2021 12:26:48pm:117,1389500,966,660,endrepeat end drag,0.0,0.0,0.0,0.0,0.0,0.0,0.0,0.0,0.0,0.0,0.0,0.0,0.0
577,15 Jul 2021 12:26:48pm:117,1389500,966,660,connection made between endrepeat and twofourbar,0.0,0.0,0.0,0.0,0.0,0.0,0.0,0.0,0.0,0.0,0.0,0.0,0.0
578,15 Jul 2021 12:26:48pm:117,1389500,966,660,connection made between tempochanger and endrepeat,0.0,0.0,0.0,0.0,0.0,0.0,0.0,0.0,0.0,0.0,0.0,0.0,0.0
579,15 Jul 2021 12:27:03pm:273,1391900,1298,648,tempochanger slider decremented,0.0,0.0,0.0,0.0,0.0,0.0,0.0,0.0,0.0,0.0,0.0,0.0,0.0
580,15 Jul 2021 12:27:03pm:374,1392000,1298,648,tempochanger slider decremented,0.0,0.0,0.0,0.0,0.0,0.0,0.0,0.0,0.0,0.0,0.0,0.0,0.0
581,15 Jul 2021 12:27:03pm:484,1392100,1298,648,tempochanger slider decremented,0.0,0.0,0.0,0.0,0.0,0.0,0.0,0.0,0.0,0.0,0.0,0.0,0.0
582,15 Jul 2021 12:27:03pm:578,1392200,1298,648,tempochanger slider decremented,0.0,0.0,0.0,0.0,0.0,0.0,0.0,0.0,0.0,0.0,0.0,0.0,0.0
583,15 Jul 2021 12:27:03pm:678,1392400,1298,648,tempochanger slider decremented,0.0,0.0,0.0,0.0,0.0,0.0,0.0,0.0,0.0,0.0,0.0,0.0,0.0
584,15 Jul 2021 12:27:03pm:777,1392500,1298,648,tempochanger slider decremented,0.0,0.0,0.0,0.0,0.0,0.0,0.0,0.0,0.0,0.0,0.0,0.0,0.0
585,15 Jul 2021 12:27:03pm:881,1392600,1298,648,tempochanger slider decremented,0.0,0.0,0.0,0.0,0.0,0.0,0.0,0.0,0.0,0.0,0.0,0.0,0.0
586,15 Jul 2021 12:27:03pm:977,1392700,1298,648,tempochanger slider decremented,0.0,0.0,0.0,0.0,0.0,0.0,0.0,0.0,0.0,0.0,0.0,0.0,0.0
587,15 Jul 2021 12:27:04pm:79,1392800,1298,648,tempochanger slider decremented,0.0,0.0,0.0,0.0,0.0,0.0,0.0,0.0,0.0,0.0,0.0,0.0,0.0
588,15 Jul 2021 12:27:04pm:177,1392900,1298,648,tempochanger slider decremented,0.0,0.0,0.0,0.0,0.0,0.0,0.0,0.0,0.0,0.0,0.0,0.0,0.0
589,15 Jul 2021 12:27:04pm:284,1393000,1298,648,tempochanger slider decremented,0.0,0.0,0.0,0.0,0.0,0.0,0.0,0.0,0.0,0.0,0.0,0.0,0.0
590,15 Jul 2021 12:27:04pm:376,1393100,1298,648,tempochanger slider decremented,0.0,0.0,0.0,0.0,0.0,0.0,0.0,0.0,0.0,0.0,0.0,0.0,0.0
591,15 Jul 2021 12:27:04pm:459,1393200,1298,648,tempochanger slider decremented,0.0,0.0,0.0,0.0,0.0,0.0,0.0,0.0,0.0,0.0,0.0,0.0,0.0
592,15 Jul 2021 12:27:04pm:551,1393300,1298,648,tempochanger slider decremented,0.0,0.0,0.0,0.0,0.0,0.0,0.0,0.0,0.0,0.0,0.0,0.0,0.0
593,15 Jul 2021 12:27:04pm:650,1393400,1298,648,tempochanger slider decremented,0.0,0.0,0.0,0.0,0.0,0.0,0.0,0.0,0.0,0.0,0.0,0.0,0.0
594,15 Jul 2021 12:27:04pm:743,1393500,1298,648,tempochanger slider decremented,0.0,0.0,0.0,0.0,0.0,0.0,0.0,0.0,0.0,0.0,0.0,0.0,0.0
595,15 Jul 2021 12:27:04pm:849,1393600,1298,648,tempochanger slider decremented,0.0,0.0,0.0,0.0,0.0,0.0,0.0,0.0,0.0,0.0,0.0,0.0,0.0
596,15 Jul 2021 12:27:04pm:945,1393700,1298,647,tempochanger slider decremented,0.0,0.0,0.0,0.0,0.0,0.0,0.0,0.0,0.0,0.0,0.0,0.0,0.0
597,15 Jul 2021 12:27:05pm:48,1393800,1298,647,tempochanger slider decremented,0.0,0.0,0.0,0.0,0.0,0.0,0.0,0.0,0.0,0.0,0.0,0.0,0.0
598,15 Jul 2021 12:27:05pm:144,1393900,1298,646,tempochanger slider decremented,0.0,0.0,0.0,0.0,0.0,0.0,0.0,0.0,0.0,0.0,0.0,0.0,0.0
599,15 Jul 2021 12:27:05pm:250,1394000,1298,646,tempochanger slider decremented,0.0,0.0,0.0,0.0,0.0,0.0,0.0,0.0,0.0,0.0,0.0,0.0,0.0
600,15 Jul 2021 12:27:05pm:344,1394100,1298,647,tempochanger slider decremented,0.0,0.0,0.0,0.0,0.0,0.0,0.0,0.0,0.0,0.0,0.0,0.0,0.0
601,15 Jul 2021 12:27:05pm:444,1394200,1298,647,tempochanger slider decremented,0.0,0.0,0.0,0.0,0.0,0.0,0.0,0.0,0.0,0.0,0.0,0.0,0.0
602,15 Jul 2021 12:27:05pm:546,1394300,1298,647,tempochanger slider decremented,0.0,0.0,0.0,0.0,0.0,0.0,0.0,0.0,0.0,0.0,0.0,0.0,0.0
603,15 Jul 2021 12:27:05pm:647,1394400,1298,647,tempochanger slider decremented,0.0,0.0,0.0,0.0,0.0,0.0,0.0,0.0,0.0,0.0,0.0,0.0,0.0
604,15 Jul 2021 12:27:05pm:745,1394500,1298,647,tempochanger slider decremented,0.0,0.0,0.0,0.0,0.0,0.0,0.0,0.0,0.0,0.0,0.0,0.0,0.0
605,15 Jul 2021 12:27:05pm:848,1394600,1298,647,tempochanger slider decremented,0.0,0.0,0.0,0.0,0.0,0.0,0.0,0.0,0.0,0.0,0.0,0.0,0.0
606,15 Jul 2021 12:27:05pm:947,1394700,1298,647,tempochanger slider decremented,0.0,0.0,0.0,0.0,0.0,0.0,0.0,0.0,0.0,0.0,0.0,0.0,0.0
607,15 Jul 2021 12:27:06pm:36,1394800,1298,647,tempochanger slider decremented,0.0,0.0,0.0,0.0,0.0,0.0,0.0,0.0,0.0,0.0,0.0,0.0,0.0
608,15 Jul 2021 12:27:06pm:139,1394900,1298,647,tempochanger slider decremented,0.0,0.0,0.0,0.0,0.0,0.0,0.0,0.0,0.0,0.0,0.0,0.0,0.0
609,15 Jul 2021 12:27:06pm:147,1395000,1298,647,tempochanger slider decremented,0.0,0.0,0.0,0.0,0.0,0.0,0.0,0.0,0.0,0.0,0.0,0.0,0.0
610,15 Jul 2021 12:27:06pm:236,1395100,1298,647,tempochanger slider decremented,0.0,0.0,0.0,0.0,0.0,0.0,0.0,0.0,0.0,0.0,0.0,0.0,0.0
611,15 Jul 2021 12:27:06pm:252,1395200,1298,647,tempochanger slider decremented,0.0,0.0,0.0,0.0,0.0,0.0,0.0,0.0,0.0,0.0,0.0,0.0,0.0
612,15 Jul 2021 12:27:06pm:339,1395300,1298,647,tempochanger slider decremented,0.0,0.0,0.0,0.0,0.0,0.0,0.0,0.0,0.0,0.0,0.0,0.0,0.0
613,15 Jul 2021 12:27:06pm:347,1395400,1298,647,tempochanger slider decremented,0.0,0.0,0.0,0.0,0.0,0.0,0.0,0.0,0.0,0.0,0.0,0.0,0.0
614,15 Jul 2021 12:27:06pm:436,1395500,1298,647,tempochanger slider decremented,0.0,0.0,0.0,0.0,0.0,0.0,0.0,0.0,0.0,0.0,0.0,0.0,0.0
615,15 Jul 2021 12:27:06pm:437,1395600,1298,647,tempochanger slider decremented,0.0,0.0,0.0,0.0,0.0,0.0,0.0,0.0,0.0,0.0,0.0,0.0,0.0
616,15 Jul 2021 12:27:06pm:538,1395700,1298,647,tempochanger slider decremented,0.0,0.0,0.0,0.0,0.0,0.0,0.0,0.0,0.0,0.0,0.0,0.0,0.0
617,15 Jul 2021 12:27:06pm:538,1395800,1298,647,tempochanger slider decremented,0.0,0.0,0.0,0.0,0.0,0.0,0.0,0.0,0.0,0.0,0.0,0.0,0.0
618,15 Jul 2021 12:27:06pm:638,1395900,1298,647,tempochanger slider decremented,0.0,0.0,0.0,0.0,0.0,0.0,0.0,0.0,0.0,0.0,0.0,0.0,0.0
619,15 Jul 2021 12:27:09pm:262,1396000,1309,617,tempochanger slider incremented,0.0,0.0,0.0,0.0,0.0,0.0,0.0,0.0,0.0,0.0,0.0,0.0,0.0
620,15 Jul 2021 12:27:09pm:358,1396100,1309,617,tempochanger slider incremented,0.0,0.0,0.0,0.0,0.0,0.0,0.0,0.0,0.0,0.0,0.0,0.0,0.0
621,15 Jul 2021 12:27:09pm:527,1396200,1309,617,tempochanger slider incremented,0.0,0.0,0.0,0.0,0.0,0.0,0.0,0.0,0.0,0.0,0.0,0.0,0.0
622,15 Jul 2021 12:27:09pm:676,1396300,1309,617,tempochanger slider incremented,0.0,0.0,0.0,0.0,0.0,0.0,0.0,0.0,0.0,0.0,0.0,0.0,0.0
623,15 Jul 2021 12:27:09pm:804,1396400,1309,617,tempochanger slider incremented,0.0,0.0,0.0,0.0,0.0,0.0,0.0,0.0,0.0,0.0,0.0,0.0,0.0
624,15 Jul 2021 12:27:09pm:960,1396500,1309,617,tempochanger slider incremented,0.0,0.0,0.0,0.0,0.0,0.0,0.0,0.0,0.0,0.0,0.0,0.0,0.0
625,15 Jul 2021 12:27:10pm:77,1396600,1309,617,tempochanger slider incremented,0.0,0.0,0.0,0.0,0.0,0.0,0.0,0.0,0.0,0.0,0.0,0.0,0.0
626,15 Jul 2021 12:27:10pm:231,1398500,1309,617,tempochanger slider incremented,0.0,0.0,0.0,0.0,0.0,0.0,0.0,0.0,0.0,0.0,0.0,0.0,0.0
627,15 Jul 2021 12:27:40pm:466,1400900,120,131,play clicked,0.0,0.0,0.0,0.0,0.0,0.0,0.0,0.0,0.0,0.0,0.0,0.0,0.0
628,15 Jul 2021 12:27:44pm:815,1405800,440,915,horizontal bar selected,0.0,0.0,0.0,0.0,0.0,0.0,1.0,1.0,1.0,0.0,0.0,0.0,1.0
629,15 Jul 2021 12:28:23pm:760,1429600,370,912,playing stoppped,0.0,0.0,0.0,0.0,0.0,0.0,1.0,1.0,1.0,0.0,0.0,0.0,1.0
630,15 Jul 2021 12:46:53pm:837,1443900,462,670,tempochanger start drag,0.0,0.0,0.0,0.0,0.0,0.0,0.0,0.0,0.0,0.0,0.0,0.0,0.0
631,15 Jul 2021 12:46:55pm:644,1446000,452,552,tempochanger end drag,0.0,0.0,0.0,0.0,0.0,0.0,0.0,0.0,0.0,0.0,0.0,0.0,0.0
632,15 Jul 2021 12:46:55pm:644,1446000,452,552,connection made between tempochanger and endrepeat,0.0,0.0,0.0,0.0,0.0,0.0,0.0,0.0,0.0,0.0,0.0,0.0,0.0
633,15 Jul 2021 12:47:07pm:190,1447000,449,539,tempochanger start drag,0.0,0.0,0.0,0.0,0.0,0.0,0.0,0.0,0.0,0.0,0.0,0.0,0.0
634,15 Jul 2021 12:47:09pm:532,1449500,464,529,tempochanger end drag,0.0,0.0,0.0,0.0,0.0,0.0,0.0,0.0,0.0,0.0,0.0,0.0,0.0
635,15 Jul 2021 12:47:09pm:533,1449500,464,529,connection made between tempochanger and endrepeat,0.0,0.0,0.0,0.0,0.0,0.0,0.0,0.0,0.0,0.0,0.0,0.0,0.0
636,15 Jul 2021 12:47:09pm:862,1451200,464,534,tempochanger start drag,0.0,0.0,0.0,0.0,0.0,0.0,0.0,0.0,0.0,0.0,0.0,0.0,0.0
637,15 Jul 2021 12:47:11pm:466,1452700,459,521,tempochanger end drag,0.0,0.0,0.0,0.0,0.0,0.0,0.0,0.0,0.0,0.0,0.0,0.0,0.0
638,15 Jul 2021 12:47:11pm:466,1452700,459,521,connection made between tempochanger and endrepeat,0.0,0.0,0.0,0.0,0.0,0.0,0.0,0.0,0.0,0.0,0.0,0.0,0.0
639,15 Jul 2021 12:47:19pm:254,1454300,578,520,endrepeat start drag,0.0,0.0,0.0,0.0,0.0,0.0,0.0,0.0,0.0,0.0,0.0,0.0,0.0
640,15 Jul 2021 12:47:19pm:990,1455200,719,586,endrepeat end drag,0.0,0.0,0.0,0.0,0.0,0.0,0.0,0.0,0.0,0.0,0.0,0.0,0.0
641,15 Jul 2021 12:47:19pm:990,1455200,719,586,connection made between endrepeat and twofourbar,0.0,0.0,0.0,0.0,0.0,0.0,0.0,0.0,0.0,0.0,0.0,0.0,0.0
642,15 Jul 2021 12:47:32pm:564,1460600,457,527,tempochanger start drag,0.0,0.0,0.0,0.0,0.0,0.0,0.0,0.0,0.0,0.0,0.0,0.0,0.0
643,15 Jul 2021 12:47:34pm:146,1463400,69,822,tempochanger end drag,0.0,0.0,0.0,0.0,0.0,0.0,0.0,0.0,0.0,0.0,0.0,0.0,0.0
644,15 Jul 2021 12:47:34pm:147,1463400,69,822,tempochanger was deleted,0.0,0.0,0.0,0.0,0.0,0.0,0.0,0.0,0.0,0.0,0.0,0.0,0.0
645,15 Jul 2021 12:47:44pm:798,1465800,840,603,twofourbar start drag,0.0,0.0,0.0,0.0,0.0,0.0,0.0,0.0,0.0,0.0,0.0,0.0,0.0
646,15 Jul 2021 12:47:47pm:260,1467900,716,476,twofourbar end drag,0.0,0.0,0.0,0.0,0.0,0.0,0.0,0.0,0.0,0.0,0.0,0.0,0.0
647,15 Jul 2021 12:47:47pm:261,1467900,716,476,connection made between twofourbar and tempochanger,0.0,0.0,0.0,0.0,0.0,0.0,0.0,0.0,0.0,0.0,0.0,0.0,0.0
648,15 Jul 2021 12:47:58pm:38,1469700,871,465,tempochanger start drag,0.0,0.0,0.0,0.0,0.0,0.0,0.0,0.0,0.0,0.0,0.0,0.0,0.0
649,15 Jul 2021 12:47:59pm:561,1472200,711,791,tempochanger end drag,0.0,0.0,0.0,0.0,0.0,0.0,0.0,0.0,0.0,0.0,0.0,0.0,0.0
650,15 Jul 2021 12:47:59pm:561,1472200,711,791,connection made between tempochanger and endrepeat,0.0,0.0,0.0,0.0,0.0,0.0,0.0,0.0,0.0,0.0,0.0,0.0,0.0
651,15 Jul 2021 12:48:11pm:935,1476200,825,795,endrepeat start drag,0.0,0.0,0.0,0.0,0.0,0.0,0.0,0.0,0.0,0.0,0.0,0.0,0.0
652,15 Jul 2021 12:48:15pm:861,1477600,218,325,endrepeat end drag,0.0,0.0,0.0,0.0,0.0,0.0,0.0,0.0,0.0,0.0,0.0,0.0,0.0
653,15 Jul 2021 12:48:15pm:861,1477600,218,325,connection made between endrepeat and twofourbar,0.0,0.0,0.0,0.0,0.0,0.0,0.0,0.0,0.0,0.0,0.0,0.0,0.0
654,15 Jul 2021 12:48:26pm:854,1479700,720,799,tempochanger start drag,0.0,0.0,0.0,0.0,0.0,0.0,0.0,0.0,0.0,0.0,0.0,0.0,0.0
655,15 Jul 2021 12:48:29pm:373,1482000,89,856,tempochanger end drag,0.0,0.0,0.0,0.0,0.0,0.0,0.0,0.0,0.0,0.0,0.0,0.0,0.0
656,15 Jul 2021 12:48:29pm:374,1482000,89,856,tempochanger was deleted,0.0,0.0,0.0,0.0,0.0,0.0,0.0,0.0,0.0,0.0,0.0,0.0,0.0
657,15 Jul 2021 12:48:42pm:20,1484700,341,321,twofourbar start drag,0.0,0.0,0.0,0.0,0.0,0.0,0.0,0.0,0.0,0.0,0.0,0.0,0.0
658,15 Jul 2021 12:48:45pm:350,1486100,631,841,twofourbar end drag,0.0,0.0,0.0,0.0,0.0,0.0,0.0,0.0,0.0,0.0,0.0,0.0,0.0
659,15 Jul 2021 12:48:45pm:350,1486100,631,841,connection made between twofourbar and tempochanger,0.0,0.0,0.0,0.0,0.0,0.0,0.0,0.0,0.0,0.0,0.0,0.0,0.0
660,15 Jul 2021 12:49:02pm:341,1494000,625,848,twofourbar start drag,0.0,0.0,0.0,0.0,0.0,0.0,0.0,0.0,0.0,0.0,0.0,0.0,0.0
661,15 Jul 2021 12:49:03pm:637,1495700,936,730,twofourbar end drag,0.0,0.0,0.0,0.0,0.0,0.0,0.0,0.0,0.0,0.0,0.0,0.0,0.0
662,15 Jul 2021 12:49:03pm:637,1495700,936,730,connection made between twofourbar and tempochanger,0.0,0.0,0.0,0.0,0.0,0.0,0.0,0.0,0.0,0.0,0.0,0.0,0.0
663,15 Jul 2021 12:49:04pm:422,1495700,940,729,twofourbar start drag,0.0,0.0,0.0,0.0,0.0,0.0,0.0,0.0,0.0,0.0,0.0,0.0,0.0
664,15 Jul 2021 12:49:05pm:852,1497400,580,831,twofourbar end drag,0.0,0.0,0.0,0.0,0.0,0.0,0.0,0.0,0.0,0.0,0.0,0.0,0.0
665,15 Jul 2021 12:49:05pm:852,1497400,580,831,connection made between twofourbar and tempochanger,0.0,0.0,0.0,0.0,0.0,0.0,0.0,0.0,0.0,0.0,0.0,0.0,0.0
666,15 Jul 2021 12:51:05pm:637,1502800,744,757,tempochanger start drag,0.0,0.0,0.0,0.0,0.0,0.0,0.0,0.0,0.0,0.0,0.0,0.0,0.0
667,15 Jul 2021 12:51:06pm:325,1504000,943,706,tempochanger end drag,0.0,0.0,0.0,0.0,0.0,0.0,0.0,0.0,0.0,0.0,0.0,0.0,0.0
668,15 Jul 2021 12:51:06pm:325,1504000,943,706,connection made between tempochanger and endrepeat,0.0,0.0,0.0,0.0,0.0,0.0,0.0,0.0,0.0,0.0,0.0,0.0,0.0
669,15 Jul 2021 12:51:13pm:414,1505000,1050,720,endrepeat start drag,0.0,0.0,0.0,0.0,0.0,0.0,0.0,0.0,0.0,0.0,0.0,0.0,0.0
670,15 Jul 2021 12:51:14pm:773,1506200,1064,463,endrepeat end drag,0.0,0.0,0.0,0.0,0.0,0.0,0.0,0.0,0.0,0.0,0.0,0.0,0.0
671,15 Jul 2021 12:51:14pm:773,1506200,1064,463,connection made between endrepeat and twofourbar,0.0,0.0,0.0,0.0,0.0,0.0,0.0,0.0,0.0,0.0,0.0,0.0,0.0
672,15 Jul 2021 12:51:28pm:278,1509300,940,773,tempochanger start drag,0.0,0.0,0.0,0.0,0.0,0.0,0.0,0.0,0.0,0.0,0.0,0.0,0.0
673,15 Jul 2021 12:51:30pm:749,1513400,46,830,tempochanger end drag,0.0,0.0,0.0,0.0,0.0,0.0,0.0,0.0,0.0,0.0,0.0,0.0,0.0
674,15 Jul 2021 12:51:30pm:750,1513400,46,830,tempochanger was deleted,0.0,0.0,0.0,0.0,0.0,0.0,0.0,0.0,0.0,0.0,0.0,0.0,0.0
675,15 Jul 2021 12:51:45pm:118,1515500,1345,522,tempochanger start drag,0.0,0.0,0.0,0.0,0.0,0.0,0.0,0.0,0.0,0.0,0.0,0.0,0.0
676,15 Jul 2021 12:51:46pm:42,1518900,1191,719,tempochanger end drag,0.0,0.0,0.0,0.0,0.0,0.0,0.0,0.0,0.0,0.0,0.0,0.0,0.0
677,15 Jul 2021 12:51:46pm:42,1518900,1191,719,connection made between tempochanger and endrepeat,0.0,0.0,0.0,0.0,0.0,0.0,0.0,0.0,0.0,0.0,0.0,0.0,0.0
678,15 Jul 2021 12:51:59pm:638,1520900,1308,689,endrepeat start drag,0.0,0.0,0.0,0.0,0.0,0.0,0.0,0.0,0.0,0.0,0.0,0.0,0.0
679,15 Jul 2021 12:52:00pm:814,1522000,1381,686,endrepeat end drag,0.0,0.0,0.0,0.0,0.0,0.0,0.0,0.0,0.0,0.0,0.0,0.0,0.0
680,15 Jul 2021 12:52:12pm:693,1524700,1085,707,tempochanger start drag,0.0,0.0,0.0,0.0,0.0,0.0,0.0,0.0,0.0,0.0,0.0,0.0,0.0
681,15 Jul 2021 12:52:14pm:252,1527300,52,830,tempochanger end drag,0.0,0.0,0.0,0.0,0.0,0.0,0.0,0.0,0.0,0.0,0.0,0.0,0.0
682,15 Jul 2021 12:52:14pm:252,1527300,52,830,tempochanger was deleted,0.0,0.0,0.0,0.0,0.0,0.0,0.0,0.0,0.0,0.0,0.0,0.0,0.0
683,15 Jul 2021 12:52:26pm:566,1531400,224,313,endrepeat start drag,0.0,0.0,0.0,0.0,0.0,0.0,0.0,0.0,0.0,0.0,0.0,0.0,0.0
684,15 Jul 2021 12:52:29pm:702,1533800,470,641,endrepeat end drag,0.0,0.0,0.0,0.0,0.0,0.0,0.0,0.0,0.0,0.0,0.0,0.0,0.0
685,15 Jul 2021 12:52:29pm:702,1533800,470,641,connection made between twofourbar and endrepeat,0.0,0.0,0.0,0.0,0.0,0.0,0.0,0.0,0.0,0.0,0.0,0.0,0.0
686,15 Jul 2021 12:52:43pm:517,1535800,712,454,twofourbar start drag,0.0,0.0,0.0,0.0,0.0,0.0,0.0,0.0,0.0,0.0,0.0,0.0,0.0
687,15 Jul 2021 12:52:46pm:420,1538800,589,655,twofourbar end drag,0.0,0.0,0.0,0.0,0.0,0.0,0.0,0.0,0.0,0.0,0.0,0.0,0.0
688,15 Jul 2021 12:52:46pm:421,1538800,589,655,connection made between endrepeat and twofourbar,0.0,0.0,0.0,0.0,0.0,0.0,0.0,0.0,0.0,0.0,0.0,0.0,0.0
689,15 Jul 2021 12:53:02pm:571,1548100,832,565,endrepeat start drag,0.0,0.0,0.0,0.0,0.0,0.0,0.0,0.0,0.0,0.0,0.0,0.0,0.0
690,15 Jul 2021 12:53:04pm:401,1550400,860,632,endrepeat end drag,0.0,0.0,0.0,0.0,0.0,0.0,0.0,0.0,0.0,0.0,0.0,0.0,0.0
691,15 Jul 2021 12:53:04pm:401,1550400,860,632,connection made between twofourbar and endrepeat,0.0,0.0,0.0,0.0,0.0,0.0,0.0,0.0,0.0,0.0,0.0,0.0,0.0
692,15 Jul 2021 12:53:16pm:131,1552300,574,819,twofourbar start drag,0.0,0.0,0.0,0.0,0.0,0.0,0.0,0.0,0.0,0.0,0.0,0.0,0.0
693,15 Jul 2021 12:53:18pm:763,1555600,861,659,twofourbar end drag,0.0,0.0,0.0,0.0,0.0,0.0,0.0,0.0,0.0,0.0,0.0,0.0,0.0
694,15 Jul 2021 12:53:18pm:763,1555600,861,659,connection made between endrepeat and twofourbar,0.0,0.0,0.0,0.0,0.0,0.0,0.0,0.0,0.0,0.0,0.0,0.0,0.0
695,15 Jul 2021 12:53:31pm:477,1557700,1277,707,endrepeat start drag,0.0,0.0,0.0,0.0,0.0,0.0,0.0,0.0,0.0,0.0,0.0,0.0,0.0
696,15 Jul 2021 12:53:33pm:420,1560700,1038,672,endrepeat end drag,0.0,0.0,0.0,0.0,0.0,0.0,0.0,0.0,0.0,0.0,0.0,0.0,0.0
697,15 Jul 2021 12:53:33pm:420,1560700,1038,672,connection made between twofourbar and endrepeat,0.0,0.0,0.0,0.0,0.0,0.0,0.0,0.0,0.0,0.0,0.0,0.0,0.0
698,15 Jul 2021 12:53:48pm:149,1567900,1070,522,endrepeat start drag,0.0,0.0,0.0,0.0,0.0,0.0,0.0,0.0,0.0,0.0,0.0,0.0,0.0
699,15 Jul 2021 12:53:49pm:289,1569900,329,445,endrepeat end drag,0.0,0.0,0.0,0.0,0.0,0.0,0.0,0.0,0.0,0.0,0.0,0.0,0.0
700,15 Jul 2021 12:53:49pm:289,1569900,329,445,connection made between endrepeat and twofourbar,0.0,0.0,0.0,0.0,0.0,0.0,0.0,0.0,0.0,0.0,0.0,0.0,0.0
701,15 Jul 2021 12:54:05pm:334,1571200,599,415,twofourbar start drag,0.0,0.0,0.0,0.0,0.0,0.0,0.0,0.0,0.0,0.0,0.0,0.0,0.0
702,15 Jul 2021 12:54:10pm:587,1574500,1292,642,twofourbar end drag,0.0,0.0,0.0,0.0,0.0,0.0,0.0,0.0,0.0,0.0,0.0,0.0,0.0
703,15 Jul 2021 12:54:10pm:587,1574500,1292,642,connection made between endrepeat and twofourbar,0.0,0.0,0.0,0.0,0.0,0.0,0.0,0.0,0.0,0.0,0.0,0.0,0.0
704,15 Jul 2021 12:54:11pm:333,1577100,1140,678,twofourbar start drag,0.0,0.0,0.0,0.0,0.0,0.0,0.0,0.0,0.0,0.0,0.0,0.0,0.0
705,15 Jul 2021 12:54:12pm:12,1577100,1140,678,twofourbar end drag,0.0,0.0,0.0,0.0,0.0,0.0,0.0,0.0,0.0,0.0,0.0,0.0,0.0
706,15 Jul 2021 12:54:12pm:12,1577100,1140,678,connection made between endrepeat and twofourbar,0.0,0.0,0.0,0.0,0.0,0.0,0.0,0.0,0.0,0.0,0.0,0.0,0.0
707,15 Jul 2021 12:54:25pm:413,1578400,436,407,endrepeat start drag,0.0,0.0,0.0,0.0,0.0,0.0,0.0,0.0,0.0,0.0,0.0,0.0,0.0
708,15 Jul 2021 12:54:29pm:884,1583500,1408,637,endrepeat end drag,0.0,0.0,0.0,0.0,0.0,0.0,0.0,0.0,0.0,0.0,0.0,0.0,0.0
709,15 Jul 2021 12:54:29pm:884,1583500,1408,637,connection made between twofourbar and endrepeat,0.0,0.0,0.0,0.0,0.0,0.0,0.0,0.0,0.0,0.0,0.0,0.0,0.0
710,15 Jul 2021 12:55:30pm:887,1592100,110,129,play clicked,0.0,0.0,0.0,0.0,1.0,0.0,0.0,0.0,0.0,0.0,1.0,0.0,0.0
711,15 Jul 2021 12:55:47pm:37,1633100,108,212,stop clicked,0.0,0.0,0.0,0.0,1.0,0.0,0.0,0.0,0.0,0.0,1.0,0.0,0.0
712,15 Jul 2021 12:55:49pm:937,1635800,198,299,playing stoppped,0.0,0.0,0.0,0.0,0.0,0.0,0.0,0.0,0.0,0.0,0.0,0.0,0.0
713,15 Jul 2021 12:57:44pm:381,1637200,150,147,play clicked,0.0,0.0,0.0,0.0,1.0,0.0,1.0,0.0,0.0,0.0,0.0,0.0,0.0
714,15 Jul 2021 12:57:52pm:416,1663300,907,620,note moved up,0.0,0.0,0.0,1.0,1.0,1.0,1.0,0.0,0.0,1.0,1.0,1.0,1.0
715,15 Jul 2021 12:57:52pm:540,1680200,907,620,note moved up,0.0,0.0,0.0,1.0,1.0,1.0,1.0,0.0,0.0,1.0,1.0,1.0,1.0
716,15 Jul 2021 12:57:52pm:714,1680400,907,620,note moved up,0.0,0.0,0.0,1.0,1.0,1.0,1.0,0.0,0.0,1.0,1.0,1.0,1.0
717,15 Jul 2021 12:57:52pm:859,1682400,907,620,note moved up,0.0,0.0,0.0,1.0,1.0,1.0,1.0,0.0,0.0,1.0,0.0,0.0,1.0
718,15 Jul 2021 12:57:53pm:2,1682500,907,620,note moved up,0.0,0.0,0.0,1.0,1.0,1.0,1.0,0.0,0.0,0.0,0.0,0.0,1.0
719,15 Jul 2021 12:57:53pm:162,1682700,907,620,note moved up,0.0,0.0,0.0,1.0,1.0,1.0,1.0,0.0,0.0,0.0,0.0,0.0,1.0
720,15 Jul 2021 12:57:53pm:458,1682900,907,620,note moved up,0.0,0.0,0.0,1.0,1.0,1.0,1.0,0.0,0.0,0.0,0.0,0.0,1.0
721,15 Jul 2021 12:57:53pm:625,1683000,907,620,note moved up,0.0,0.0,0.0,1.0,1.0,1.0,1.0,0.0,0.0,0.0,0.0,0.0,1.0
722,15 Jul 2021 12:57:53pm:795,1683200,907,620,note moved up,0.0,0.0,0.0,1.0,1.0,1.0,1.0,0.0,0.0,0.0,0.0,0.0,1.0
723,15 Jul 2021 12:57:53pm:947,1683400,907,620,note moved up,0.0,0.0,0.0,1.0,1.0,1.0,1.0,0.0,0.0,0.0,0.0,0.0,1.0
724,15 Jul 2021 12:57:54pm:139,1683500,907,620,note moved up,0.0,0.0,0.0,1.0,1.0,1.0,1.0,0.0,0.0,0.0,0.0,0.0,1.0
725,15 Jul 2021 12:57:54pm:333,1684000,907,620,note moved up,0.0,0.0,0.0,1.0,1.0,1.0,1.0,0.0,0.0,0.0,0.0,0.0,1.0
726,15 Jul 2021 12:57:54pm:333,1684200,907,620,note moved up,0.0,0.0,0.0,1.0,1.0,1.0,1.0,1.0,1.0,0.0,0.0,0.0,1.0
727,15 Jul 2021 12:57:58pm:146,1739300,125,214,stop clicked,0.0,0.0,0.0,0.0,0.0,0.0,0.0,1.0,0.0,0.0,0.0,0.0,0.0
728,15 Jul 2021 12:57:59pm:97,1740000,219,339,playing stoppped,0.0,0.0,0.0,0.0,0.0,0.0,0.0,0.0,0.0,0.0,0.0,0.0,0.0
729,15 Jul 2021 12:58:07pm:148,1741000,276,600,twofourbar start drag,0.0,0.0,0.0,0.0,0.0,0.0,0.0,0.0,0.0,0.0,0.0,0.0,0.0
730,15 Jul 2021 12:58:09pm:539,1742900,274,480,twofourbar end drag,0.0,0.0,0.0,0.0,0.0,0.0,0.0,0.0,0.0,0.0,0.0,0.0,0.0
731,15 Jul 2021 12:58:09pm:540,1742900,274,480,connection made between twofourbar and twofourbar,0.0,0.0,0.0,0.0,0.0,0.0,0.0,0.0,0.0,0.0,0.0,0.0,0.0
732,15 Jul 2021 12:58:19pm:648,1745100,138,552,twofourbar start drag,0.0,0.0,0.0,0.0,0.0,0.0,0.0,0.0,0.0,0.0,0.0,0.0,0.0
733,15 Jul 2021 12:58:20pm:774,1746500,151,541,twofourbar end drag,0.0,0.0,0.0,0.0,0.0,0.0,0.0,0.0,0.0,0.0,0.0,0.0,0.0
734,15 Jul 2021 12:58:20pm:774,1746500,151,541,connection made between twofourbar and twofourbar,0.0,0.0,0.0,0.0,0.0,0.0,0.0,0.0,0.0,0.0,0.0,0.0,0.0
735,15 Jul 2021 12:58:27pm:816,1747100,148,531,twofourbar start drag,0.0,0.0,0.0,0.0,0.0,0.0,0.0,0.0,0.0,0.0,0.0,0.0,0.0
736,15 Jul 2021 12:58:28pm:677,1748300,138,503,twofourbar end drag,0.0,0.0,0.0,0.0,0.0,0.0,0.0,0.0,0.0,0.0,0.0,0.0,0.0
737,15 Jul 2021 12:58:28pm:678,1748300,138,503,connection made between twofourbar and twofourbar,0.0,0.0,0.0,0.0,0.0,0.0,0.0,0.0,0.0,0.0,0.0,0.0,0.0
738,15 Jul 2021 12:58:29pm:241,1749200,300,510,twofourbar start drag,0.0,0.0,0.0,0.0,0.0,0.0,0.0,0.0,0.0,0.0,0.0,0.0,0.0
739,15 Jul 2021 12:58:31pm:729,1750500,306,510,twofourbar end drag,0.0,0.0,0.0,0.0,0.0,0.0,0.0,0.0,0.0,0.0,0.0,0.0,0.0
740,15 Jul 2021 12:58:31pm:729,1750500,306,510,connection made between twofourbar and twofourbar,0.0,0.0,0.0,0.0,0.0,0.0,0.0,0.0,0.0,0.0,0.0,0.0,0.0
741,15 Jul 2021 12:58:42pm:442,1752000,605,499,endrepeat start drag,0.0,0.0,0.0,0.0,0.0,0.0,0.0,0.0,0.0,0.0,0.0,0.0,0.0
742,15 Jul 2021 12:58:43pm:530,1753200,676,495,endrepeat end drag,0.0,0.0,0.0,0.0,0.0,0.0,0.0,0.0,0.0,0.0,0.0,0.0,0.0
743,15 Jul 2021 12:58:43pm:531,1753200,676,495,connection made between endrepeat and twofourbar,0.0,0.0,0.0,0.0,0.0,0.0,0.0,0.0,0.0,0.0,0.0,0.0,0.0
744,15 Jul 2021 12:58:52pm:55,1753900,407,581,twofourbar start drag,0.0,0.0,0.0,0.0,0.0,0.0,0.0,0.0,0.0,0.0,0.0,0.0,0.0
745,15 Jul 2021 12:58:54pm:476,1757000,69,831,twofourbar end drag,0.0,0.0,0.0,0.0,0.0,0.0,0.0,0.0,0.0,0.0,0.0,0.0,0.0
746,15 Jul 2021 12:58:54pm:476,1757000,69,831,twofourbar was deleted,0.0,0.0,0.0,0.0,0.0,0.0,0.0,0.0,0.0,0.0,0.0,0.0,0.0
747,15 Jul 2021 12:59:03pm:276,1759000,142,518,twofourbar start drag,0.0,0.0,0.0,0.0,0.0,0.0,0.0,0.0,0.0,0.0,0.0,0.0,0.0
748,15 Jul 2021 12:59:04pm:348,1761100,142,640,twofourbar end drag,0.0,0.0,0.0,0.0,0.0,0.0,0.0,0.0,0.0,0.0,0.0,0.0,0.0
749,15 Jul 2021 12:59:04pm:348,1761100,142,640,connection made between piano and twofourbar,0.0,0.0,0.0,0.0,0.0,0.0,0.0,0.0,0.0,0.0,0.0,0.0,0.0
750,15 Jul 2021 12:59:16pm:313,1766000,632,574,endrepeat start drag,0.0,0.0,0.0,0.0,0.0,0.0,0.0,0.0,0.0,0.0,0.0,0.0,0.0
751,15 Jul 2021 12:59:18pm:388,1768600,299,659,endrepeat end drag,0.0,0.0,0.0,0.0,0.0,0.0,0.0,0.0,0.0,0.0,0.0,0.0,0.0
752,15 Jul 2021 12:59:18pm:388,1768600,299,659,connection made between endrepeat and twofourbar,0.0,0.0,0.0,0.0,0.0,0.0,0.0,0.0,0.0,0.0,0.0,0.0,0.0
753,15 Jul 2021 12:59:18pm:388,1768600,299,659,connection made between twofourbar and endrepeat,0.0,0.0,0.0,0.0,0.0,0.0,0.0,0.0,0.0,0.0,0.0,0.0,0.0
754,15 Jul 2021 12:59:30pm:924,1784000,82,150,play clicked,0.0,0.0,0.0,0.0,0.0,0.0,0.0,0.0,0.0,0.0,0.0,0.0,0.0
755,15 Jul 2021 1:00:25pm:974,1824000,130,216,stop clicked,0.0,0.0,0.0,0.0,0.0,0.0,0.0,0.0,0.0,0.0,0.0,0.0,0.0
756,15 Jul 2021 1:00:26pm:501,1824600,344,374,playing stoppped,0.0,0.0,0.0,0.0,0.0,0.0,0.0,0.0,0.0,0.0,0.0,0.0,0.0
